pickup_distance_km,time_difference_min,route_overlap_percent,detour_km,destination_compatibility,preference_compatible,match
0.66,20,51.05,3.52,0.77,1,0
1.45,4,58.0,0.77,0.67,0,1
3.73,11,95.23,2.06,0.93,0,1
2.92,11,89.54,2.25,0.54,1,1
1.72,5,58.48,0.41,0.48,0,1
2.27,23,75.24,2.03,0.99,0,1
0.78,8,65.95,0.33,0.34,1,1
1.12,7,28.43,3.34,0.63,0,0
1.44,21,79.56,1.3,0.45,1,1
3.53,15,70.97,3.34,0.57,0,0
3.06,5,93.24,1.44,0.78,1,1
0.95,25,95.18,2.03,0.22,0,1
1.49,26,30.88,3.57,0.13,1,0
1.04,1,14.53,1.95,0.74,0,0
1.17,26,23.15,1.25,0.03,0,0
0.71,30,90.35,3.36,0.43,1,0
2.2,25,38.21,2.33,0.97,1,0
2.32,15,29.69,0.45,0.83,1,0
3.39,21,28.5,3.49,0.86,1,0
1.0,26,38.07,0.9,0.22,1,0
1.22,22,0.6,1.05,0.39,1,0
2.46,11,99.98,0.99,0.12,1,1
3.42,9,62.04,3.56,0.93,1,0
4.0,9,30.12,0.44,0.04,1,0
1.51,24,97.82,1.01,0.01,0,1
1.33,1,36.68,1.23,0.25,1,1
3.63,12,70.62,0.61,0.62,1,1
3.31,12,79.19,3.92,0.38,1,0
0.76,0,7.54,1.92,0.43,0,0
3.35,23,46.36,2.31,0.08,0,0
2.29,9,33.85,1.5,0.6,1,0
1.92,12,4.15,2.63,0.27,0,0
2.55,18,34.92,2.4,0.53,0,0
0.91,24,87.49,1.24,0.75,1,1
0.65,10,93.46,2.46,0.17,0,1
4.7,9,92.89,2.8,0.16,0,0
0.89,10,67.65,2.92,0.01,1,0
4.42,28,30.02,2.22,0.35,1,0
4.56,7,2.3,2.28,0.29,1,0
4.84,29,24.26,1.49,0.53,1,0
0.19,25,52.55,3.52,0.57,0,0
1.19,3,56.41,1.0,0.54,1,1
1.93,20,74.02,0.15,0.55,1,1
1.19,5,73.74,1.55,0.73,1,1
2.05,11,28.9,1.21,0.9,1,0
2.68,14,33.71,3.82,0.92,0,0
2.89,21,10.82,3.47,0.98,0,0
3.39,18,49.18,3.17,0.2,0,0
1.09,26,62.79,0.18,0.67,0,1
3.7,29,74.68,2.19,0.8,0,0
1.68,19,68.07,3.86,0.79,1,0
4.43,27,11.52,0.25,0.73,1,0
2.8,18,40.27,0.65,0.76,0,0
1.2,1,90.87,3.02,0.07,1,1
0.93,21,84.83,1.18,0.71,0,1
4.98,2,41.03,1.74,0.45,0,0
1.56,14,59.27,0.83,0.02,1,0
0.52,17,3.31,3.84,0.48,0,0
0.5,26,78.41,3.28,0.37,0,1
4.88,15,51.23,2.99,0.21,1,0
4.93,21,67.9,0.64,0.99,1,0
1.23,29,70.84,1.82,0.02,1,1
0.9,0,33.4,3.17,0.0,0,0
2.68,12,58.25,1.11,0.01,1,0
2.36,30,75.01,2.02,0.69,1,1
0.57,1,71.5,2.89,0.55,0,1
1.59,26,38.72,1.78,0.1,0,0
0.74,27,89.13,0.78,0.15,0,1
2.59,15,98.06,0.34,0.57,1,1
4.77,30,44.66,3.98,0.97,0,0
0.32,24,11.55,1.09,0.54,0,0
3.85,8,83.5,3.82,0.14,0,0
0.14,27,61.07,0.57,0.97,0,1
1.36,30,41.08,1.52,0.1,1,0
0.72,5,67.83,0.94,0.94,0,1
2.92,24,42.38,2.7,0.3,0,0
3.51,27,6.79,2.57,0.4,1,0
1.47,20,63.26,0.25,0.57,0,1
3.05,5,74.83,3.92,0.94,1,1
2.03,16,65.23,0.26,0.81,0,1
3.26,17,96.39,3.14,0.22,0,0
1.02,9,80.61,3.31,0.11,1,1
2.91,7,68.16,2.74,0.74,1,0
2.07,6,86.28,2.55,0.23,0,0
4.94,20,13.31,3.95,0.07,1,0
2.24,5,53.79,0.37,0.21,1,1
3.72,4,64.77,0.72,0.24,1,1
4.69,23,52.7,3.78,0.22,0,0
0.11,29,70.55,3.34,0.71,0,1
3.3,21,42.33,3.3,0.29,1,0
3.63,2,72.06,0.23,0.33,1,1
3.95,17,1.17,3.75,0.8,0,0
0.51,8,55.18,3.75,0.19,0,0
4.93,27,63.67,3.6,0.36,0,0
0.44,8,35.41,0.38,0.73,0,1
3.61,14,86.04,1.27,0.32,0,1
2.92,9,52.33,3.72,0.96,0,0
3.53,1,87.63,3.36,0.79,1,1
2.28,25,14.16,1.22,0.49,0,0
4.94,1,6.71,2.98,0.17,0,0
0.77,28,9.82,2.36,0.16,1,0
1.09,8,4.79,1.77,0.77,1,0
0.53,24,94.51,3.45,0.18,0,0
2.26,21,53.36,3.13,0.55,0,0
1.24,12,75.39,1.15,0.58,1,1
0.27,29,70.88,3.42,0.45,0,1
2.46,26,85.46,2.2,0.23,0,0
0.92,10,16.81,1.31,0.55,0,0
3.39,0,51.66,0.17,0.61,0,1
1.45,29,76.08,2.04,0.57,1,1
2.52,15,39.37,1.41,0.92,1,0
1.97,8,18.97,1.56,0.74,0,0
2.5,0,5.09,2.76,0.92,1,0
3.15,24,57.0,0.62,0.38,1,0
4.5,21,16.4,2.57,0.82,1,0
4.26,6,29.93,1.46,0.17,0,0
4.05,10,56.16,2.71,0.21,1,0
4.72,29,31.9,3.47,0.55,1,0
4.16,23,32.76,0.54,1.0,1,0
3.07,25,73.73,1.04,0.66,0,0
4.48,21,71.82,1.48,0.53,1,1
3.92,0,16.42,3.32,0.21,1,0
0.69,26,58.39,2.69,0.27,1,0
3.53,23,6.66,2.81,0.92,1,0
2.78,3,29.7,3.55,0.6,1,0
3.7,23,28.9,3.65,0.81,1,0
1.29,17,76.04,3.99,0.55,1,1
1.16,8,50.35,3.78,0.79,0,0
0.61,30,96.96,3.16,0.62,1,0
2.51,22,26.44,0.47,1.0,0,0
4.93,1,54.45,1.47,0.47,1,1
3.46,2,15.24,2.43,0.98,1,0
4.05,3,19.46,2.43,0.69,1,0
4.89,5,66.7,2.09,0.81,0,1
4.03,20,4.77,3.26,0.78,0,0
3.7,15,23.57,2.68,0.11,0,0
3.65,13,97.89,3.39,0.42,0,0
2.44,12,56.82,0.8,0.5,1,1
4.53,6,6.97,2.47,0.62,0,0
3.29,9,24.83,0.76,0.38,1,0
2.61,13,11.42,3.8,0.36,0,0
2.72,23,7.65,0.91,0.0,1,0
0.96,9,58.48,3.97,0.86,1,1
2.25,17,84.07,3.19,0.66,0,0
1.84,5,1.11,2.53,0.14,1,0
2.91,10,16.45,0.27,0.58,1,0
0.67,18,46.2,0.76,0.24,0,0
4.27,12,56.66,3.97,0.88,1,0
2.08,12,19.23,2.2,0.17,0,0
2.63,6,95.95,1.14,0.43,0,1
0.24,20,64.22,1.55,0.88,0,1
0.78,21,37.95,1.09,0.05,1,0
2.59,2,13.99,2.24,0.83,0,0
4.87,28,71.64,3.75,0.55,0,0
0.48,6,73.26,3.46,0.83,1,1
3.09,17,31.02,1.41,0.63,1,0
4.44,13,11.31,2.15,0.45,1,0
1.77,25,3.52,3.24,0.45,0,0
3.54,6,74.26,3.67,0.95,1,1
0.57,0,72.34,1.03,0.13,0,1
2.76,7,28.51,3.2,0.36,0,0
2.2,22,18.57,2.93,0.16,0,0
4.03,29,55.14,3.91,0.16,1,0
3.75,15,4.69,0.74,0.17,1,0
4.71,12,94.77,2.79,0.14,0,0
0.37,22,11.64,3.73,0.5,0,0
0.13,7,83.25,1.98,0.06,1,1
4.16,18,91.62,3.95,0.62,0,0
0.23,15,52.46,3.86,0.65,1,1
3.51,21,33.35,3.44,0.91,1,0
3.32,28,98.37,3.69,0.2,0,0
4.38,12,46.3,3.48,0.9,1,0
4.22,5,39.29,3.95,0.45,0,0
2.3,6,79.5,2.63,0.26,0,0
4.61,4,19.04,1.74,0.74,0,0
0.91,14,41.71,3.04,0.13,1,0
2.52,23,18.57,0.36,0.6,0,0
1.3,5,69.11,3.98,0.25,1,1
3.79,18,57.9,3.48,0.37,1,0
1.24,6,31.55,2.18,0.41,0,0
0.9,18,37.31,1.44,0.57,0,0
2.66,17,56.9,3.26,0.99,1,0
1.24,2,81.8,3.35,0.95,0,1
1.36,16,37.27,1.71,0.63,0,0
0.58,3,57.46,2.22,0.38,0,1
2.46,7,20.71,1.94,0.21,0,0
3.13,14,9.55,3.42,0.71,1,0
1.59,20,43.57,0.37,0.1,1,0
0.37,4,82.25,1.66,0.31,0,1
4.44,22,53.2,1.17,0.37,1,0
1.85,15,54.38,2.64,0.52,1,0
0.27,27,52.79,2.32,0.91,1,1
1.6,24,85.97,1.85,0.68,1,1
1.81,10,9.5,2.01,0.53,1,0
0.83,1,14.86,3.38,0.32,0,0
2.22,19,48.32,2.94,0.52,0,0
3.46,9,34.69,0.69,0.31,1,0
4.38,16,8.45,0.42,0.86,0,0
3.46,9,58.04,2.4,0.12,0,0
3.35,4,59.82,2.99,0.9,0,0
3.91,6,3.77,2.31,0.11,1,0
1.32,16,51.04,1.1,0.36,1,1
3.56,16,57.05,3.98,0.6,0,0
2.4,10,80.92,3.15,0.73,0,1
3.82,6,97.46,1.77,0.91,0,1
1.56,30,91.55,3.46,0.61,1,0
3.59,24,94.52,0.31,0.4,0,1
2.7,8,37.42,3.44,0.35,0,0
3.35,6,65.55,2.05,0.08,1,0
3.68,25,73.21,0.28,0.58,1,1
4.77,13,27.73,1.34,0.49,0,0
2.38,8,51.36,1.32,0.28,0,1
1.82,16,0.53,2.71,0.19,1,0
0.71,3,77.75,1.25,0.51,1,1
4.85,18,89.46,2.43,0.14,1,0
4.86,18,2.3,3.52,0.28,1,0
4.5,29,7.54,2.42,0.6,1,0
3.17,8,64.57,1.15,0.38,1,0
4.85,3,50.75,0.74,0.25,1,1
4.61,9,65.83,3.16,0.9,1,0
0.57,18,57.84,2.77,0.76,1,0
3.53,23,46.95,0.91,0.21,1,0
2.42,13,63.73,2.52,0.71,0,0
1.43,0,40.72,1.03,0.08,0,1
3.86,19,76.05,1.32,0.28,0,1
1.38,27,56.41,1.86,0.7,1,1
3.64,21,78.06,1.41,0.87,0,1
0.92,17,66.12,3.91,0.07,1,0
4.88,19,41.74,3.77,0.22,0,0
4.72,4,30.7,1.3,0.7,1,1
3.1,26,98.87,0.89,0.36,1,0
3.82,22,6.72,1.68,0.2,0,0
4.95,14,65.97,1.45,0.83,0,0
1.55,16,59.38,1.72,0.2,1,0
4.8,26,40.0,1.99,0.32,1,0
0.97,3,73.44,3.3,0.08,0,1
1.28,17,89.65,3.65,0.63,1,1
0.83,2,60.02,0.73,0.69,0,1
1.68,29,27.39,0.44,0.76,0,0
2.53,25,26.8,2.97,0.01,1,0
0.24,30,74.69,0.49,0.02,1,1
0.6,17,55.11,2.83,0.87,0,0
2.43,24,78.24,0.53,0.25,0,1
0.99,25,76.4,1.1,0.64,0,1
1.88,19,23.11,1.74,0.12,1,0
1.76,26,5.81,3.04,0.26,0,0
3.26,1,90.59,3.0,0.04,0,0
4.83,5,94.49,0.39,0.24,1,1
0.54,11,91.57,1.47,0.5,1,1
2.56,15,12.22,1.81,0.95,0,0
1.08,22,22.67,0.2,0.86,1,0
4.04,1,23.79,2.78,0.77,0,0
3.98,17,42.5,3.69,0.22,0,0
0.48,21,5.78,2.1,0.76,1,0
3.34,6,50.47,2.24,0.18,1,0
2.56,27,1.42,3.18,0.59,1,0
0.33,13,81.99,0.82,0.37,1,1
4.49,29,84.09,3.21,0.04,0,0
2.74,22,33.58,3.82,0.81,0,0
0.11,19,12.51,3.24,0.94,0,0
4.56,21,10.72,2.59,0.55,0,0
4.13,18,57.61,2.51,0.32,1,0
1.29,27,16.38,2.64,0.22,0,0
4.67,26,52.41,1.26,0.51,0,0
3.69,4,28.7,0.29,0.22,0,0
3.8,5,57.28,0.85,0.35,0,1
4.79,28,38.93,1.37,0.44,0,0
3.81,14,58.24,2.15,0.58,1,0
2.72,26,71.13,0.45,0.49,1,1
3.92,15,74.18,2.76,0.93,0,0
3.09,2,20.25,1.43,0.43,1,0
1.27,1,18.19,1.79,0.85,1,0
4.37,6,36.48,2.95,0.46,0,0
2.38,9,3.34,1.14,0.27,0,0
2.66,1,5.09,1.95,0.61,1,0
3.08,29,37.92,3.31,0.08,1,0
0.72,21,48.6,0.47,0.43,0,0
0.94,16,90.21,2.9,0.17,0,0
4.68,16,0.16,2.14,0.99,0,0
0.5,19,3.18,3.78,0.0,0,0
2.76,22,38.73,0.75,0.38,0,0
1.08,26,7.03,1.81,0.25,0,0
2.32,22,77.67,3.04,0.07,1,0
1.12,10,90.0,0.8,0.42,1,1
1.61,29,80.83,2.98,0.35,1,0
4.86,28,13.88,1.94,0.82,1,0
4.23,5,20.2,3.12,0.07,0,0
2.88,16,21.99,0.6,0.92,0,0
2.1,21,38.78,2.61,0.65,0,0
1.56,15,17.41,2.78,0.25,0,0
4.41,29,9.29,3.75,0.25,0,0
1.83,22,22.72,2.79,0.23,1,0
2.69,20,44.52,1.32,0.89,0,0
2.08,18,63.85,1.96,0.81,0,0
1.79,11,75.98,3.22,0.97,1,1
2.65,22,35.81,1.07,0.06,0,0
0.6,17,32.04,1.42,0.09,0,0
2.53,21,44.66,3.67,0.75,0,0
1.12,27,1.31,1.21,0.19,0,0
4.78,30,79.93,3.01,0.38,1,0
3.18,7,42.59,1.6,0.77,1,0
2.78,20,50.75,1.13,0.55,1,1
4.67,29,51.32,3.33,0.64,0,0
4.39,4,7.21,2.58,0.23,1,0
3.57,0,10.89,2.93,0.0,0,0
1.73,10,93.56,2.84,0.56,1,1
3.46,6,80.53,3.0,0.64,0,0
2.9,27,60.3,0.85,0.04,1,0
0.56,10,56.66,0.58,0.41,0,1
4.59,0,88.86,3.17,0.09,0,0
3.76,30,42.37,0.33,0.62,0,0
1.92,7,64.3,2.05,0.46,0,0
0.65,12,67.49,2.03,0.25,1,0
3.4,28,23.51,3.77,0.18,1,0
1.74,27,10.82,0.58,0.41,1,0
4.83,21,81.58,2.86,0.25,0,0
2.72,8,71.27,3.06,0.58,0,0
2.69,1,90.85,3.11,0.64,0,1
3.81,15,44.26,1.16,0.33,1,0
2.37,11,46.95,3.42,0.17,0,0
0.73,8,96.94,0.69,0.34,1,1
0.41,27,73.52,2.23,0.35,1,1
1.89,10,21.25,3.52,0.12,0,0
2.0,21,72.02,0.69,0.51,1,1
2.06,4,69.71,0.23,0.04,1,1
1.22,10,0.15,0.19,0.41,1,1
4.55,14,93.34,3.54,0.4,1,0
1.67,20,91.56,3.17,0.09,0,0
3.95,30,12.35,3.35,0.05,0,0
0.96,6,11.49,1.31,0.9,0,0
0.93,20,4.97,3.96,0.95,0,0
1.44,24,30.53,3.87,0.63,1,0
2.92,18,82.9,2.62,0.94,1,1
0.48,23,13.46,3.88,0.73,0,0
1.05,30,43.12,2.27,0.63,0,0
2.87,19,90.23,1.95,0.2,0,0
3.85,1,32.95,1.45,0.63,1,0
4.26,23,40.48,2.97,0.29,1,0
2.31,14,60.38,3.23,0.9,1,0
3.26,14,54.19,2.84,0.65,1,0
4.17,15,40.81,3.05,0.55,1,0
3.03,9,10.68,3.03,0.48,1,0
0.23,0,45.07,2.65,0.36,0,0
3.32,18,28.62,1.89,0.83,0,0
1.41,28,16.29,0.67,0.07,1,0
1.82,2,92.08,1.91,0.35,0,1
3.04,11,33.38,3.13,0.03,1,0
1.17,16,41.71,0.76,0.73,0,0
3.7,8,39.09,1.83,0.57,0,0
0.24,29,17.31,1.5,0.82,1,0
0.83,24,97.68,3.09,0.92,1,1
1.93,29,90.43,2.09,0.9,1,1
4.13,16,79.43,0.51,0.26,0,1
2.46,5,59.01,1.34,0.86,1,1
3.67,11,68.5,0.91,0.7,1,1
1.39,10,47.43,2.52,0.22,1,0
1.75,3,87.48,1.25,0.76,1,1
1.26,2,50.39,1.56,0.02,1,1
4.16,10,77.14,3.67,0.53,1,0
2.54,23,0.7,1.69,0.57,0,0
3.2,22,42.38,3.1,0.33,0,0
4.43,25,13.78,1.58,0.67,1,0
4.26,9,81.68,2.65,0.52,1,0
2.54,5,69.32,3.99,0.26,0,0
2.99,24,52.92,1.23,0.01,0,0
0.84,3,57.52,1.09,0.8,0,1
2.04,20,10.46,2.11,0.02,0,0
0.59,7,86.35,1.07,0.49,0,1
3.84,19,10.21,0.75,0.3,1,0
0.41,25,21.82,0.17,0.78,0,1
1.94,20,78.61,2.35,0.43,1,1
0.23,5,42.55,2.19,0.27,0,1
0.98,11,29.8,1.91,0.19,1,0
3.82,12,24.71,3.1,0.09,0,0
1.04,5,44.0,0.75,0.94,0,1
3.24,8,73.72,3.89,0.9,0,0
2.58,10,6.94,0.3,0.11,1,0
1.33,4,73.48,2.87,0.13,0,1
2.15,12,1.67,2.56,0.59,1,0
1.35,28,5.31,0.52,0.48,1,0
2.69,13,44.08,3.82,0.84,1,0
4.55,1,90.57,3.28,0.08,1,0
1.5,29,10.35,2.01,0.4,1,0
0.97,5,60.25,0.23,0.86,0,1
0.92,5,68.14,3.2,0.77,1,1
3.39,14,97.34,2.88,0.13,1,0
0.15,14,17.81,0.81,0.44,1,0
1.36,17,71.62,2.32,0.42,0,1
2.35,24,72.82,3.71,0.39,1,0
2.16,19,8.74,3.23,0.68,0,0
4.66,11,26.33,2.28,0.2,1,0
0.94,9,27.94,1.1,0.22,1,0
4.03,17,35.64,3.68,0.04,0,0
0.35,25,9.19,0.68,0.26,0,0
3.94,7,36.71,2.96,0.14,1,0
2.78,27,52.24,1.54,0.7,1,0
1.98,15,19.71,2.73,0.64,0,0
1.08,21,76.84,3.7,0.05,1,0
0.23,22,91.48,2.57,0.41,0,1
0.19,15,59.76,1.71,0.96,0,1
2.47,30,49.54,1.04,0.69,0,0
3.98,1,20.37,3.86,0.96,0,0
1.94,2,38.42,3.15,0.64,0,0
4.17,3,98.21,2.47,0.42,1,1
3.27,4,35.69,3.6,0.75,1,0
2.78,2,5.57,0.15,0.86,0,1
1.99,5,58.22,2.24,0.02,1,1
3.36,8,32.16,1.18,0.89,1,0
3.97,6,67.35,1.05,0.65,0,0
2.83,18,18.6,1.33,0.56,0,0
4.09,27,8.35,1.27,0.3,1,0
1.18,15,92.1,1.08,0.22,0,1
4.49,27,64.85,0.9,0.15,1,0
1.89,21,84.2,0.93,0.62,1,1
1.84,22,24.53,1.18,0.47,1,0
3.72,27,33.49,3.07,0.67,0,0
3.46,21,79.3,0.16,0.12,0,1
2.24,15,94.88,3.26,0.16,0,0
2.63,26,6.98,3.83,0.36,1,0
4.55,7,56.04,2.58,0.93,0,0
4.92,1,11.16,3.23,0.44,1,0
3.08,8,18.86,3.92,0.78,1,0
4.48,16,86.94,1.15,0.78,1,1
4.75,25,50.86,2.6,0.34,0,0
2.96,17,1.5,1.63,0.86,0,0
1.58,1,36.98,2.65,1.0,0,0
0.76,22,93.74,2.47,0.3,0,1
2.34,22,79.2,3.94,0.92,0,0
3.27,16,63.81,3.58,0.67,1,0
4.64,5,84.3,3.2,0.55,1,1
0.49,4,88.95,2.67,0.98,1,1
1.2,15,59.66,1.86,0.41,0,0
4.58,8,7.28,1.45,0.3,1,0
2.11,21,57.59,1.92,0.35,1,0
2.52,27,53.84,3.3,0.88,0,0
2.13,30,3.51,3.39,0.24,1,0
3.68,6,61.46,2.55,0.85,0,0
1.61,27,27.87,2.15,0.58,1,0
1.13,2,67.0,2.83,0.58,0,1
1.18,20,99.73,0.74,0.45,1,1
2.88,15,40.78,0.61,0.46,0,0
4.89,18,97.07,2.19,0.65,1,1
4.13,10,47.4,0.72,0.1,0,0
1.5,28,48.32,0.52,0.98,0,0
3.01,29,46.48,3.79,0.09,0,0
1.98,20,68.23,0.33,0.84,1,1
3.83,22,55.64,0.88,0.89,1,0
4.14,13,57.06,1.12,0.56,0,0
3.22,20,1.87,2.87,0.8,0,0
3.66,22,31.88,1.27,0.24,0,0
0.44,13,41.02,3.06,0.45,0,0
3.63,26,57.34,1.24,0.01,1,0
2.56,0,35.66,3.68,0.81,1,0
4.63,15,55.03,2.35,0.94,0,0
3.65,15,4.4,3.42,0.43,1,0
0.36,28,65.42,0.96,0.76,1,1
2.18,22,23.61,3.52,0.75,1,0
4.65,4,46.41,2.43,0.56,0,0
0.64,6,29.06,3.53,0.63,0,0
2.37,2,72.41,2.27,0.84,0,1
4.61,2,1.7,3.82,0.18,0,0
3.07,19,49.75,2.98,0.89,1,0
4.32,16,23.77,1.27,0.28,0,0
2.08,30,87.34,2.23,1.0,0,1
4.26,23,84.05,1.49,0.72,0,1
3.01,27,9.56,2.06,0.81,0,0
3.22,20,29.26,0.61,0.22,1,0
3.09,30,82.9,2.08,0.71,0,0
0.95,25,23.33,1.11,0.29,0,0
2.01,9,96.57,3.21,0.01,1,0
2.15,0,37.23,2.92,0.74,0,0
1.55,9,19.5,2.84,0.56,0,0
1.7,7,50.77,2.93,0.1,0,0
2.06,4,12.47,2.12,0.84,0,0
2.62,28,21.47,1.37,0.47,1,0
3.02,8,51.52,2.81,0.33,1,0
3.69,8,85.71,1.85,0.19,1,1
1.22,4,22.82,2.88,0.51,1,0
3.9,0,41.31,0.22,0.32,1,1
2.34,11,6.53,3.31,1.0,1,0
0.78,12,37.95,2.57,0.93,1,0
2.19,14,2.31,0.28,0.29,1,0
0.45,8,69.2,3.95,0.74,1,1
4.41,30,35.13,1.29,0.94,0,0
3.57,27,77.49,0.42,0.85,1,1
0.73,2,45.91,1.47,0.24,0,1
4.51,1,89.32,2.52,0.65,0,0
1.33,5,95.33,0.86,0.92,1,1
4.84,18,71.05,1.72,0.85,0,1
1.47,16,85.08,1.75,0.0,0,1
2.32,11,82.58,2.32,0.84,0,1
0.2,18,14.06,2.16,0.56,0,0
4.42,22,79.07,0.26,0.88,0,1
3.09,27,23.07,1.87,0.29,1,0
4.39,20,63.12,3.65,0.71,0,0
0.32,27,69.35,1.96,0.91,0,1
4.28,8,87.89,3.27,0.2,0,0
3.54,5,97.43,3.47,0.21,0,0
1.48,6,48.46,1.12,0.48,0,0
1.63,15,72.17,0.46,0.75,1,1
1.39,7,89.0,3.19,0.35,0,1
1.38,5,0.48,2.5,0.86,0,0
3.54,8,23.83,3.73,0.79,0,0
3.01,11,72.65,2.08,0.91,1,1
4.37,26,80.15,2.93,0.61,0,0
3.73,19,12.43,1.3,0.32,1,0
2.65,24,38.33,1.72,0.95,0,0
3.45,8,82.06,2.48,0.33,0,0
3.96,2,67.14,3.37,0.06,1,0
1.84,29,35.49,1.69,0.64,0,0
0.68,8,40.86,2.47,0.52,0,0
3.15,22,8.2,1.31,0.78,1,0
0.9,25,25.27,1.32,0.07,1,0
3.71,3,6.04,0.44,0.21,0,0
2.61,15,61.51,1.37,0.64,1,1
4.04,18,52.83,2.12,0.42,1,0
1.32,2,84.78,3.8,0.4,0,1
4.65,10,58.94,2.23,0.54,1,0
0.89,25,98.91,0.36,0.47,1,1
2.46,12,70.39,2.2,0.76,1,1
3.6,6,86.86,1.11,0.47,0,1
2.76,14,7.99,1.16,0.86,1,0
1.48,21,34.76,1.88,0.36,1,0
2.31,3,6.76,2.27,0.52,0,0
3.07,4,93.88,0.77,0.5,0,1
3.44,21,5.78,2.83,0.35,1,0
2.82,27,25.8,2.8,0.7,1,0
2.55,27,63.32,0.33,0.97,0,1
3.68,30,81.12,1.31,0.56,0,0
2.07,7,37.3,3.53,0.68,1,0
3.78,4,41.56,2.13,0.07,1,0
4.02,3,91.5,3.37,0.99,0,1
0.66,9,62.45,0.78,0.31,1,1
3.72,30,58.6,1.87,0.05,0,0
0.35,14,44.57,0.28,0.86,0,1
1.12,23,74.06,2.67,0.32,0,0
2.18,24,75.0,0.85,0.21,0,1
3.3,12,25.33,2.34,0.37,0,0
4.83,19,15.07,0.57,0.38,0,0
1.77,30,36.8,3.8,0.09,1,0
2.63,4,52.08,0.52,0.14,1,1
2.46,25,73.52,0.57,0.68,0,1
3.18,5,85.77,2.27,0.04,1,1
0.66,7,3.51,3.24,0.56,0,0
3.93,17,42.22,3.07,0.48,1,0
0.33,23,66.87,0.3,0.1,0,1
0.34,12,89.91,0.75,0.74,0,1
1.61,15,40.45,2.64,0.1,1,0
2.23,6,71.51,0.63,0.89,1,1
1.77,1,88.08,1.81,0.06,0,1
0.83,12,3.14,0.86,0.45,0,0
4.39,29,74.22,2.76,0.81,0,0
1.69,5,82.63,1.66,0.63,0,1
1.18,10,96.31,2.71,0.2,1,1
2.57,2,19.99,1.17,0.96,1,0
1.3,20,77.18,3.49,0.76,0,1
3.09,21,32.02,0.67,0.13,0,0
4.82,23,47.68,3.94,0.34,0,0
2.24,3,34.43,3.12,0.58,1,0
3.93,7,51.21,1.07,0.3,1,0
4.71,23,23.02,2.16,0.73,0,0
2.67,10,98.4,0.7,0.34,0,1
1.97,3,21.69,1.49,0.82,1,0
1.8,10,40.04,1.98,0.57,1,0
0.89,22,69.09,2.26,0.02,1,0
0.29,21,54.91,2.04,0.84,0,1
2.15,0,24.35,1.97,0.14,0,0
1.38,24,40.65,1.41,0.11,0,0
1.09,26,32.19,0.92,0.96,0,0
0.46,27,40.6,3.04,0.3,0,0
1.41,0,62.8,0.38,0.3,0,1
4.01,28,75.31,1.77,0.7,0,0
2.22,16,28.61,3.54,0.24,1,0
2.22,25,2.35,2.5,0.1,0,0
4.87,11,1.89,3.2,0.64,1,0
1.67,29,77.33,2.61,0.62,1,0
0.63,15,73.32,3.3,0.68,0,1
1.91,24,53.29,3.11,0.94,1,0
2.04,9,99.06,2.54,0.28,1,0
0.95,28,51.29,2.17,0.81,0,0
4.01,16,97.5,3.08,0.77,1,0
2.74,24,91.41,2.37,0.81,0,1
2.75,6,77.51,0.35,0.63,0,1
4.91,29,55.1,1.72,0.59,1,0
4.2,1,85.68,2.05,0.46,1,1
4.84,12,60.72,0.19,0.95,1,1
1.65,28,18.06,1.18,0.22,1,0
1.54,19,55.94,0.79,0.14,1,0
4.76,24,73.2,3.76,0.75,1,0
4.8,28,96.44,3.08,0.41,1,0
3.2,25,51.15,2.91,0.44,1,0
3.09,21,17.14,2.79,0.56,1,0
3.69,16,82.15,0.91,0.76,1,1
0.52,16,25.61,0.41,0.05,0,0
2.97,8,55.0,2.06,0.27,1,0
3.6,10,73.43,2.19,0.67,1,1
2.35,5,20.95,0.7,0.87,0,0
3.27,8,5.05,1.58,0.56,0,0
2.36,14,30.86,3.0,0.88,1,0
1.64,2,27.62,0.46,0.05,1,0
2.16,29,30.34,0.75,0.16,0,0
1.54,7,40.81,2.67,0.78,0,0
1.76,13,0.96,1.29,0.09,0,0
4.72,28,57.43,1.39,0.89,0,0
4.22,6,43.19,1.33,0.22,1,0
0.73,29,86.26,0.53,0.25,0,1
3.32,16,95.28,2.82,0.97,1,0
1.9,22,93.23,3.47,0.56,0,0
3.55,18,67.71,3.06,0.26,1,0
3.85,13,94.95,3.39,0.37,1,0
0.3,19,50.62,1.06,0.7,1,1
3.8,26,72.76,0.56,0.96,0,1
4.17,16,52.15,2.98,0.14,1,0
3.0,3,74.91,3.4,0.83,0,1
4.32,1,73.98,3.16,0.7,0,1
3.46,12,77.74,0.35,0.34,1,1
3.15,24,84.75,1.64,0.06,1,0
0.41,22,77.21,1.22,0.29,0,1
2.08,29,29.82,2.32,0.61,1,0
3.18,2,93.23,2.97,0.04,0,0
4.11,0,45.2,0.8,0.83,1,1
4.25,19,6.7,2.23,0.89,0,0
1.46,5,33.5,0.1,0.47,0,1
0.21,12,20.27,3.02,0.3,1,0
1.89,16,60.43,2.91,0.46,1,0
2.33,16,89.69,3.87,0.52,1,0
1.47,5,31.5,2.61,0.1,1,0
2.09,22,36.86,0.2,0.07,1,0
3.7,10,32.29,1.94,0.81,0,0
4.56,11,2.54,3.03,0.52,1,0
2.34,23,78.76,0.66,0.76,1,1
4.36,23,34.46,3.95,0.08,0,0
3.86,19,32.5,3.89,0.4,1,0
1.5,8,35.19,3.27,0.3,1,0
3.17,2,38.98,0.72,0.72,1,1
1.87,19,77.0,0.21,0.75,1,1
3.26,29,74.07,3.1,0.96,1,0
1.18,23,52.2,3.9,0.22,1,0
1.34,22,81.26,0.38,0.7,1,1
2.31,17,73.2,3.81,0.12,0,0
3.77,10,51.47,0.42,0.23,1,1
0.37,17,46.73,0.63,0.43,0,1
2.9,9,33.35,2.7,0.63,0,0
3.43,8,6.62,3.47,0.01,0,0
3.74,14,76.56,3.7,0.98,1,0
4.82,25,52.46,2.39,0.91,0,0
1.83,1,11.15,0.39,0.57,1,1
4.63,19,13.65,2.1,0.25,1,0
0.55,1,56.93,3.35,0.83,0,1
0.4,10,32.83,3.6,0.38,1,0
0.47,1,37.85,3.21,0.97,1,1
0.65,6,85.86,1.59,0.63,1,1
4.77,7,24.08,3.82,0.98,1,0
3.71,4,20.37,0.18,0.78,1,1
4.86,14,33.43,0.22,0.07,0,0
4.99,9,15.63,0.46,0.15,0,0
4.11,23,81.52,3.47,0.93,1,0
3.71,4,12.34,0.39,0.57,0,0
2.4,5,43.22,0.5,0.93,0,1
2.83,21,57.85,2.56,0.2,0,0
4.81,12,37.17,0.27,0.24,1,0
2.73,30,95.82,2.34,0.32,1,0
1.38,28,20.9,0.88,0.59,1,0
3.2,12,21.31,2.85,0.14,1,0
2.89,18,84.74,2.39,0.54,1,1
4.84,4,51.83,3.34,0.16,0,0
3.24,10,99.27,2.4,0.54,1,1
4.01,10,20.18,3.16,0.34,1,0
1.28,19,50.06,2.75,0.92,0,0
0.26,16,31.68,3.62,0.99,1,0
2.01,24,65.37,3.25,0.03,1,0
1.03,30,56.09,0.75,0.91,1,1
4.04,1,91.51,1.85,0.73,0,1
1.74,30,10.18,2.74,0.95,0,0
4.88,25,99.55,3.74,0.8,0,0
2.13,6,25.4,1.49,0.4,0,0
4.14,25,13.41,1.05,0.5,1,0
2.32,13,48.37,1.72,0.28,1,0
2.37,8,46.3,2.9,0.76,0,0
2.16,19,35.48,2.33,0.8,1,0
1.29,6,22.93,3.09,0.34,0,0
0.59,25,64.96,1.69,0.72,0,0
4.62,9,38.9,1.17,0.62,0,0
4.66,19,2.14,1.78,0.28,1,0
3.19,12,53.72,2.83,0.34,1,0
0.47,12,83.69,2.97,0.49,0,1
2.07,11,65.1,2.73,0.98,0,0
0.98,26,84.33,3.8,0.93,1,1
2.17,20,91.43,3.66,0.38,1,0
1.58,1,89.46,1.58,0.07,1,1
3.28,28,78.78,0.3,0.6,0,1
1.65,9,17.77,0.4,1.0,0,0
0.81,2,1.98,2.18,0.84,1,0
3.66,16,28.66,0.78,0.94,1,0
3.24,18,98.46,1.75,0.94,0,1
4.51,5,21.6,2.95,0.94,0,0
0.67,29,75.21,1.96,0.77,0,1
2.0,19,98.18,2.47,0.25,1,1
3.12,11,66.73,2.39,0.46,1,0
3.42,15,80.19,1.06,0.74,0,1
4.71,27,66.71,1.36,0.66,1,0
4.1,21,58.46,0.73,0.96,0,0
2.9,0,52.76,3.07,0.66,0,0
3.23,25,84.36,0.61,0.19,0,0
0.67,5,84.58,0.76,0.85,0,1
3.02,7,12.08,2.12,0.94,0,0
1.58,9,25.69,1.96,0.65,0,0
4.36,4,100.0,3.4,0.65,1,1
2.96,9,13.82,1.89,0.42,0,0
0.62,7,77.53,2.68,0.88,0,1
1.42,17,25.48,3.56,0.97,1,0
3.57,27,91.24,2.08,0.56,0,0
4.91,12,29.63,2.25,0.25,1,0
4.95,28,50.67,1.18,0.3,1,0
2.22,17,96.08,2.45,0.31,0,0
1.19,25,23.11,1.02,0.63,0,0
3.17,0,91.48,3.53,0.18,1,0
2.67,3,88.88,1.66,0.76,0,1
4.21,30,62.84,1.83,0.71,1,0
2.99,7,20.39,2.17,0.32,1,0
1.31,24,66.74,2.81,0.93,0,0
0.84,8,35.07,2.07,0.99,0,0
2.37,8,39.31,2.54,0.28,0,0
2.32,10,2.23,3.01,0.85,1,0
2.57,17,49.34,1.23,0.71,0,0
1.13,7,55.39,3.82,0.61,1,0
3.76,3,1.7,3.36,0.85,0,0
1.76,13,40.83,0.53,0.13,1,0
3.77,18,22.14,0.29,0.1,0,0
3.82,20,29.59,1.31,0.33,1,0
0.13,4,13.66,1.17,0.54,0,1
4.43,2,45.41,2.54,0.51,1,0
1.13,20,46.1,1.42,0.91,0,0
2.0,9,90.71,2.3,0.6,1,1
4.19,24,51.42,0.47,0.6,1,1
3.2,23,77.72,1.38,0.09,1,0
4.86,7,13.94,3.98,0.9,0,0
3.36,24,81.25,2.17,0.88,1,0
3.81,7,16.53,0.39,0.3,1,0
1.31,24,40.23,2.1,0.06,0,0
1.87,8,37.92,2.32,0.9,0,0
3.28,7,62.7,1.12,0.11,0,0
2.33,18,61.07,0.45,0.22,1,1
4.17,19,67.61,1.52,0.9,1,0
0.65,27,60.19,2.74,0.87,1,0
1.53,25,83.04,2.16,0.43,0,0
2.54,26,73.46,2.66,0.26,1,0
2.8,23,36.6,3.08,0.48,0,0
2.27,20,88.9,0.58,0.71,0,1
0.66,6,14.65,2.07,1.0,0,0
2.33,23,12.05,3.82,0.17,0,0
3.28,25,50.49,3.55,0.72,0,0
1.67,0,97.46,2.82,0.57,0,1
2.46,11,13.08,3.01,0.17,1,0
2.03,27,86.19,3.8,0.75,1,0
2.71,17,7.89,1.78,0.49,1,0
0.85,26,59.83,1.77,0.24,1,0
3.62,24,2.6,2.76,0.3,1,0
4.45,23,24.52,2.24,0.76,0,0
4.71,14,61.31,3.25,0.13,0,0
0.87,25,73.31,2.71,0.5,0,0
1.16,25,9.69,0.35,0.36,1,0
3.98,23,3.07,0.86,0.44,0,0
0.8,0,87.03,2.72,0.72,0,1
4.97,2,37.79,3.35,0.45,0,0
3.32,27,74.62,0.26,0.07,1,1
0.12,20,92.8,2.13,0.69,0,1
0.81,25,63.37,0.17,0.03,0,1
0.37,18,87.26,1.6,0.59,1,1
4.3,6,45.43,2.03,0.1,1,0
4.78,29,80.93,2.43,0.62,1,0
3.44,9,85.56,0.27,0.97,1,1
0.57,20,58.23,3.74,0.74,1,0
1.49,13,71.28,1.84,0.68,0,1
0.72,29,39.82,2.4,0.14,0,0
1.07,20,39.41,1.87,0.57,0,0
2.76,13,66.17,0.69,0.01,1,0
2.79,22,8.09,1.21,0.28,0,0
2.16,2,84.52,3.61,0.89,0,1
0.11,22,33.44,0.2,0.76,0,1
3.28,2,52.31,1.41,0.16,0,1
4.43,28,38.95,3.3,0.08,0,0
3.93,29,95.44,2.1,0.36,1,0
0.62,2,58.52,3.09,0.51,1,1
1.43,26,11.56,3.16,0.38,1,0
1.61,21,23.12,1.05,0.48,1,0
3.09,19,50.95,1.24,0.16,0,0
1.34,7,27.88,2.32,0.53,0,0
4.86,12,55.67,1.25,0.41,0,0
0.58,8,62.54,1.44,0.57,0,1
3.28,23,7.39,0.93,0.78,1,0
1.93,24,87.58,0.96,0.03,0,1
0.54,23,57.41,0.11,0.26,0,1
0.7,27,38.29,0.74,0.18,1,0
3.39,21,23.51,0.98,0.38,0,0
1.66,17,92.28,2.5,0.33,0,0
2.29,11,66.75,3.29,0.09,0,0
1.48,15,42.97,1.53,0.29,1,0
1.13,2,34.38,2.12,0.14,0,0
4.43,29,86.6,3.92,0.02,1,0
2.18,8,59.44,0.98,0.53,0,1
2.56,27,19.26,1.18,0.85,1,0
1.99,30,18.4,2.04,0.16,0,0
2.97,21,95.04,1.74,0.46,1,0
3.81,22,74.18,0.37,0.75,0,1
2.66,23,28.27,1.43,0.85,0,0
1.52,23,98.6,3.45,0.72,0,0
1.12,26,87.73,2.0,0.18,1,1
4.76,29,21.02,0.51,0.43,0,0
2.97,0,28.48,0.79,0.36,0,0
3.56,25,56.45,1.7,0.4,1,0
4.32,7,70.74,0.33,0.56,1,1
3.7,22,11.11,1.15,0.75,0,0
2.6,21,43.35,3.5,0.38,0,0
3.58,4,10.69,1.16,0.44,0,0
2.97,24,76.0,1.45,0.18,0,1
4.49,22,91.95,0.94,0.71,1,1
3.86,3,93.29,0.57,0.36,1,1
3.39,11,59.26,1.29,0.65,1,0
0.88,4,55.57,0.36,0.06,0,1
1.48,12,7.2,2.38,0.39,0,0
2.9,16,57.53,2.61,0.17,1,0
2.06,8,53.95,2.83,0.01,0,0
1.04,10,34.48,1.12,0.53,1,1
3.66,28,95.16,3.52,0.52,1,0
0.42,21,58.2,1.02,0.44,1,1
2.93,17,79.32,3.76,0.26,1,0
3.38,25,29.03,0.24,0.19,1,0
1.42,12,50.56,0.82,0.35,1,1
3.5,18,12.94,2.52,0.24,1,0
4.04,28,4.66,3.31,0.7,1,0
0.31,10,62.32,2.91,0.38,1,1
4.26,20,96.75,1.07,0.65,1,1
0.76,23,23.64,2.64,0.11,1,0
4.44,22,2.3,2.22,0.42,0,0
1.34,6,11.13,3.45,0.4,1,0
2.56,5,76.83,3.75,0.17,0,1
4.03,30,99.32,1.18,0.42,1,0
3.49,11,87.34,0.85,0.39,0,1
1.03,2,60.36,3.0,0.87,1,1
2.44,1,63.66,0.83,0.36,0,1
3.5,13,64.68,1.24,0.29,0,0
3.63,30,23.94,3.14,0.96,0,0
1.51,18,69.83,3.86,0.51,0,0
3.93,24,55.23,1.05,0.78,1,0
1.79,2,73.74,0.9,0.12,0,1
4.0,9,78.43,0.89,0.05,1,1
2.06,23,14.21,0.15,0.95,0,0
5.0,23,37.08,0.75,0.22,1,0
3.26,29,28.14,0.55,0.64,1,0
0.67,9,47.84,0.73,0.27,1,1
2.75,29,34.81,2.27,0.92,0,0
4.67,17,86.65,0.92,0.99,0,1
1.79,1,53.81,3.73,0.05,1,0
3.46,14,57.59,3.77,0.08,1,0
3.28,4,70.98,1.12,0.71,0,1
3.48,23,54.45,2.96,0.9,1,0
1.74,8,86.22,2.54,0.78,1,1
1.17,7,13.67,1.65,0.62,1,0
4.41,24,39.95,1.0,0.33,1,0
3.6,8,66.91,0.13,0.77,1,1
3.03,14,89.41,0.94,0.57,0,1
2.33,30,1.36,1.77,0.86,0,0
1.65,0,18.82,2.8,0.56,1,0
2.67,18,67.87,2.93,0.2,1,0
3.51,8,41.8,1.65,0.95,1,0
3.5,2,16.11,3.71,0.84,0,0
3.39,25,54.81,0.76,0.5,1,0
4.96,10,52.42,1.26,0.76,1,1
4.76,23,62.27,1.79,0.9,0,0
0.91,12,96.46,1.97,0.63,1,1
3.92,19,39.48,2.89,0.71,0,0
1.04,20,61.8,0.14,0.92,1,1
4.2,0,1.79,1.0,0.99,0,0
4.59,7,88.42,1.41,0.6,1,1
4.69,6,10.1,3.53,0.36,0,0
1.22,12,66.09,3.11,0.97,0,0
3.52,22,85.9,0.54,0.8,0,1
3.48,3,92.76,1.03,0.01,1,1
3.62,24,49.1,3.36,0.03,1,0
4.63,22,36.54,2.38,0.17,0,0
0.13,0,14.79,2.22,0.62,0,0
4.87,17,34.95,2.63,0.64,1,0
3.18,0,3.88,1.94,0.05,0,0
0.93,4,6.36,0.44,0.34,1,1
0.76,5,26.98,1.16,0.9,0,0
2.42,21,28.34,3.24,0.88,0,0
0.72,18,90.27,0.22,0.58,1,1
3.09,13,18.5,3.71,0.55,1,0
2.62,18,13.26,1.49,0.95,0,0
3.58,19,83.73,1.6,0.28,1,0
4.64,11,68.81,1.46,0.39,0,0
2.9,24,66.74,2.11,0.87,1,0
0.24,29,98.85,2.79,0.47,1,1
4.34,22,79.13,2.74,0.44,0,0
2.53,10,10.34,0.69,0.82,1,0
1.72,30,41.95,2.53,0.57,0,0
3.72,18,65.08,0.49,0.68,1,1
0.27,0,94.63,1.64,0.3,0,1
4.45,24,26.66,3.01,0.93,1,0
1.78,0,45.43,3.79,0.31,1,0
1.03,10,28.36,3.32,0.45,1,0
3.59,9,94.36,1.04,0.62,0,1
1.47,5,65.5,0.84,0.59,1,1
4.19,15,27.17,1.86,0.76,1,0
0.55,10,36.22,2.42,0.52,1,0
4.7,13,7.72,3.89,0.75,0,0
3.74,8,95.84,1.44,0.21,0,1
4.54,27,9.37,0.38,0.75,0,0
0.45,5,15.63,2.06,0.81,1,1
4.44,18,59.69,2.44,0.33,0,0
4.2,16,16.22,3.89,0.57,0,0
3.65,6,12.54,0.17,0.6,0,0
1.93,27,45.93,2.91,0.02,0,0
4.52,11,52.47,1.49,0.32,1,0
2.34,4,13.13,1.47,0.97,0,0
4.61,27,27.19,2.17,0.0,1,0
4.62,6,92.72,1.67,0.7,0,1
3.16,16,62.26,0.24,0.04,0,1
2.09,14,82.91,0.56,0.1,0,1
1.37,4,7.18,3.31,0.2,1,0
0.77,1,60.35,0.22,0.47,0,1
3.23,14,27.33,2.02,0.68,1,0
0.74,24,43.96,0.93,0.04,0,0
4.34,8,96.85,1.64,0.63,0,1
1.12,20,58.68,3.02,0.45,1,0
4.8,7,96.05,1.58,0.7,1,1
4.35,24,40.18,3.6,0.64,0,0
3.86,9,91.09,1.11,0.77,0,1
3.56,26,59.22,1.12,0.98,1,0
0.4,11,97.86,3.96,0.44,0,1
3.32,1,24.32,0.84,0.69,0,0
4.31,22,94.52,1.95,0.06,0,0
3.87,22,79.27,3.8,0.66,0,0
1.42,25,88.32,3.8,0.96,1,1
2.54,17,71.71,2.92,0.03,0,0
2.43,27,57.32,1.54,0.59,0,0
3.15,11,26.22,0.94,0.53,0,0
4.94,19,51.65,1.22,0.94,1,1
1.73,6,34.39,3.39,0.92,0,0
1.88,1,33.77,3.88,0.83,0,0
2.49,10,22.67,2.65,0.23,1,0
4.41,7,98.6,0.57,0.52,0,1
0.22,21,44.04,0.99,0.94,0,1
4.66,29,46.76,2.48,0.63,0,0
2.53,6,12.57,1.95,0.38,0,0
4.87,1,18.22,1.44,0.69,0,0
3.87,5,42.42,1.16,0.85,1,1
3.16,0,79.53,3.84,0.46,1,0
4.27,19,16.56,0.92,0.53,0,0
0.31,22,54.99,2.07,0.33,0,0
4.48,29,63.43,3.86,0.89,1,0
3.45,12,49.32,3.13,0.15,0,0
4.34,9,91.85,2.6,0.94,1,1
3.84,26,9.41,1.67,0.92,1,0
1.83,10,23.46,3.86,0.47,1,0
3.44,30,2.0,3.74,0.04,0,0
0.78,30,95.32,0.92,0.26,0,1
4.51,28,88.05,0.44,0.27,1,1
2.71,13,58.61,0.95,0.47,0,0
1.89,5,92.93,1.92,0.09,0,1
0.97,14,48.48,0.65,0.72,1,1
2.03,14,31.62,2.32,0.0,0,0
1.95,9,17.03,3.86,0.03,0,0
0.88,14,33.64,3.89,0.67,0,0
4.04,18,47.14,2.22,0.23,1,0
0.52,10,47.25,3.03,0.17,0,0
2.76,15,50.09,1.83,0.58,0,0
4.27,6,17.39,0.18,0.81,0,0
4.31,25,84.14,1.63,0.76,1,0
0.85,29,14.04,3.6,0.42,0,0
2.0,26,18.41,1.56,0.71,1,0
2.89,12,16.21,0.99,0.42,0,0
2.14,20,23.91,2.74,0.98,1,0
1.61,19,78.98,2.56,0.28,1,0
2.47,16,18.65,0.17,0.18,1,0
2.8,1,19.62,2.91,0.76,0,0
3.86,22,88.41,1.4,0.18,1,0
0.31,22,75.26,1.87,0.4,0,1
2.48,21,14.4,3.15,0.36,1,0
0.38,5,54.5,3.97,0.65,1,1
1.75,10,82.62,1.44,0.16,1,1
0.18,20,39.12,2.71,0.85,1,0
4.1,14,85.14,3.95,0.92,0,0
4.09,3,4.49,1.38,0.27,0,0
0.61,26,40.73,3.43,0.33,1,0
0.87,14,10.93,3.83,0.24,1,0
2.58,1,30.06,3.06,0.11,0,0
0.82,17,81.11,1.73,0.47,1,1
2.94,10,19.9,3.0,0.07,1,0
4.9,0,31.49,1.87,0.77,1,0
2.95,2,49.56,0.53,0.21,0,0
1.35,28,80.64,3.37,1.0,0,0
3.44,11,21.89,1.6,0.66,0,0
2.96,15,43.94,1.78,0.01,1,0
4.89,7,58.45,3.53,0.72,0,0
1.37,13,45.52,3.92,0.84,0,0
1.9,20,60.18,1.21,0.27,1,0
4.1,0,69.54,2.53,0.12,0,0
3.81,19,26.68,2.64,0.59,1,0
2.02,10,54.51,3.06,0.95,0,0
1.05,27,61.61,2.27,0.57,1,0
4.57,1,54.8,3.47,0.24,1,0
0.93,26,11.91,1.93,0.89,1,0
1.6,11,53.28,2.19,0.98,1,0
0.57,4,16.91,3.91,0.89,0,0
3.59,6,98.24,2.56,0.06,1,0
1.85,18,60.15,1.89,0.26,1,0
0.23,23,33.47,0.11,0.67,1,1
1.48,14,68.39,2.16,0.42,1,0
1.07,18,41.59,1.79,0.19,0,0
1.16,22,88.9,0.61,0.41,1,1
2.95,26,73.98,1.04,0.94,1,1
3.46,17,60.64,3.94,0.28,1,0
3.45,12,83.08,3.55,0.82,0,0
3.71,27,69.32,2.75,0.08,0,0
3.73,7,97.58,3.11,0.72,0,0
0.46,24,15.56,1.19,0.51,0,0
3.67,22,28.3,1.91,0.76,1,0
4.62,0,93.49,2.9,0.15,0,0
3.3,7,95.44,1.17,0.08,0,1
1.0,28,74.84,1.6,0.7,1,1
4.13,1,36.27,1.28,0.9,0,0
4.32,16,52.58,1.36,0.83,1,1
4.09,17,7.77,3.47,0.59,0,0
3.29,19,40.6,2.79,0.31,0,0
3.92,30,75.59,2.47,0.96,0,0
3.19,15,3.59,3.24,0.43,0,0
0.59,25,93.15,1.73,0.77,1,1
4.19,14,71.2,0.16,0.26,1,1
0.47,0,90.37,1.4,0.24,1,1
4.14,7,33.9,2.5,0.69,1,0
3.68,28,98.08,1.78,0.69,1,0
1.91,4,48.6,0.41,0.92,1,1
3.72,18,2.11,1.32,0.55,1,0
2.11,17,37.84,1.71,0.36,0,0
4.32,17,47.62,2.26,0.98,0,0
0.74,9,77.76,3.31,0.79,0,1
0.75,0,86.17,1.57,0.04,1,1
2.54,8,12.86,0.75,0.32,0,0
3.59,5,76.37,1.2,0.86,1,1
0.18,9,71.3,2.29,0.47,1,1
0.87,23,40.92,1.0,0.74,1,0
1.16,10,77.75,0.47,0.21,1,1
0.25,5,67.0,0.57,0.04,0,1
3.25,13,79.96,0.6,0.97,0,1
3.97,15,3.7,1.67,0.25,0,0
3.71,23,22.75,2.24,0.46,1,0
1.43,11,1.94,3.75,0.75,0,0
0.55,6,54.3,2.06,0.69,1,1
0.8,11,74.57,3.14,0.37,0,0
2.73,18,82.58,1.15,0.92,0,1
1.85,15,55.67,2.08,0.14,1,0
1.86,13,18.27,3.29,0.65,1,0
4.99,30,35.18,2.36,0.11,1,0
3.63,29,88.5,2.58,0.15,0,0
3.79,10,92.42,3.36,0.61,0,0
2.11,8,21.09,0.41,0.46,0,0
3.16,26,15.93,0.11,0.31,0,0
1.77,20,1.91,3.78,0.05,0,0
2.7,6,34.18,0.66,0.71,1,1
0.37,6,2.14,1.11,0.64,0,0
4.72,19,22.77,1.0,0.85,0,0
1.21,7,3.59,0.19,0.11,1,1
2.08,23,41.16,3.19,0.14,1,0
4.38,14,39.45,3.64,0.25,0,0
3.65,17,89.13,3.71,0.02,1,0
3.51,1,37.49,0.68,0.07,1,0
3.25,5,72.93,2.86,0.32,1,0
1.3,19,46.03,2.17,0.24,0,0
0.49,18,99.36,1.13,0.57,0,1
2.56,18,96.21,2.1,0.46,1,1
1.01,30,51.69,0.69,0.71,1,1
0.57,26,67.68,1.5,0.49,1,1
0.7,29,32.51,2.48,0.34,1,0
0.22,21,36.29,2.44,0.16,0,0
3.8,20,85.67,1.18,0.47,1,1
1.23,16,67.89,0.71,0.76,1,1
1.5,14,99.5,1.31,0.43,1,1
0.33,4,6.3,3.59,0.25,0,0
4.36,26,19.69,3.79,0.19,0,0
3.6,22,9.53,1.39,0.87,1,0
1.92,3,49.71,3.32,0.96,1,0
1.16,0,69.99,3.18,0.48,1,1
2.09,27,10.75,3.8,0.66,0,0
4.63,30,99.39,2.05,0.13,0,0
2.7,26,41.08,2.3,0.73,0,0
0.56,1,70.27,2.97,0.32,1,1
0.55,17,93.99,0.83,0.21,0,1
3.71,15,7.54,0.86,0.18,1,0
0.72,6,61.99,1.13,0.74,0,1
4.13,4,66.34,0.75,0.11,1,1
4.48,30,12.25,3.88,0.06,1,0
2.07,24,84.59,0.34,0.32,1,1
0.17,25,15.06,3.43,0.43,0,0
2.96,30,56.49,3.66,0.89,1,0
1.33,22,59.94,2.93,0.92,1,0
2.82,6,14.59,3.93,0.85,0,0
1.98,4,70.25,3.0,0.34,0,1
0.84,1,95.21,2.1,0.29,0,1
1.28,9,46.04,3.51,0.59,1,0
3.79,24,12.41,3.34,0.28,1,0
0.78,23,22.29,2.57,0.59,0,0
1.48,14,80.61,1.76,0.69,0,1
4.82,3,76.87,3.79,0.64,0,0
3.0,17,92.67,1.5,0.83,0,1
0.6,15,36.42,3.23,0.35,0,0
1.22,25,54.16,0.63,0.05,0,0
3.49,30,31.22,2.99,0.49,0,0
0.93,7,39.36,3.31,0.22,0,0
2.31,7,67.81,0.15,0.72,1,1
2.71,19,55.34,0.18,0.14,1,1
4.52,9,12.33,1.56,0.61,1,0
1.54,26,30.98,1.14,0.4,1,0
3.96,18,16.02,0.37,0.51,0,0
3.99,11,48.11,3.54,0.62,0,0
1.62,23,24.26,1.59,0.42,0,0
3.3,7,93.08,0.78,0.65,1,1
2.13,19,62.17,2.71,0.23,0,0
0.68,27,45.34,0.56,0.95,1,0
3.66,18,83.74,1.54,0.06,1,0
2.6,9,62.69,3.42,0.12,1,0
1.58,14,31.52,3.78,0.97,1,0
2.25,21,40.09,1.55,0.87,0,0
2.69,20,87.03,2.29,1.0,1,1
3.75,9,64.43,3.89,0.06,1,0
3.59,5,0.2,2.61,0.11,1,0
0.29,17,55.61,2.66,0.64,0,0
2.92,9,14.63,0.68,0.18,0,0
1.09,29,57.49,3.84,0.46,0,0
4.82,10,61.97,0.32,0.23,0,1
4.84,27,88.75,1.78,0.59,0,0
3.0,15,55.41,3.02,0.09,0,0
0.8,25,56.06,2.04,0.11,0,0
1.59,7,96.41,0.85,0.29,0,1
1.9,18,42.42,0.71,0.64,1,0
1.7,27,81.16,1.86,0.21,0,0
4.47,1,21.34,3.55,0.83,1,0
0.65,27,64.04,0.28,0.23,0,1
1.88,17,8.56,3.79,0.19,0,0
0.74,1,38.08,2.99,0.8,1,0
2.44,7,67.77,0.47,0.56,0,1
3.06,19,0.07,0.54,0.12,1,0
3.97,15,89.86,3.94,0.76,1,0
3.27,27,60.68,2.27,0.76,0,0
2.14,7,43.48,3.33,0.59,0,0
0.45,20,41.59,3.08,0.47,1,0
3.89,8,74.98,0.35,0.51,0,1
0.15,4,1.02,1.36,0.78,0,1
1.01,12,8.65,3.04,0.86,1,0
4.03,17,49.68,1.83,0.07,0,0
3.98,9,32.55,0.28,0.95,1,1
3.28,22,43.61,0.21,0.22,0,0
0.18,9,49.57,3.51,0.65,1,0
1.04,14,66.07,3.09,0.64,0,0
0.75,4,57.54,3.99,0.69,1,1
1.23,16,75.67,2.06,0.95,1,1
4.84,3,34.68,1.39,0.36,1,0
2.73,14,63.54,0.54,0.0,0,0
4.57,24,6.65,3.99,0.35,0,0
0.37,28,31.85,3.22,0.62,1,0
2.91,30,69.41,1.45,0.02,1,0
2.18,23,0.12,1.74,0.33,1,0
0.86,22,71.63,0.16,0.65,1,1
0.2,11,2.27,1.99,0.89,1,0
4.56,2,36.13,2.29,0.94,1,0
2.26,25,1.13,2.24,0.05,0,0
2.47,25,62.99,4.0,0.27,1,0
0.67,17,60.09,1.65,0.69,1,1
3.65,23,2.8,0.51,0.74,1,0
2.93,1,98.27,0.62,0.43,0,1
3.1,28,18.82,2.09,0.81,0,0
4.71,20,31.66,1.16,0.23,0,0
0.61,5,56.43,1.0,0.93,0,1
0.66,28,94.37,2.98,0.97,0,0
4.38,26,30.57,1.76,0.31,1,0
2.41,22,92.73,0.38,0.24,1,1
2.0,26,98.02,0.27,0.74,0,1
2.05,20,44.48,0.9,0.39,1,0
4.83,17,2.48,2.08,0.71,1,0
4.31,1,38.28,1.08,0.61,1,0
2.46,5,83.1,3.39,0.2,1,1
0.15,0,43.62,2.14,0.59,0,1
4.66,17,12.83,2.55,0.53,0,0
3.48,3,65.26,1.23,0.37,0,1
1.04,18,79.99,1.89,0.61,1,1
1.32,10,14.02,1.17,0.96,0,0
1.1,28,78.97,3.33,0.41,1,0
1.92,23,45.34,2.46,0.19,0,0
1.86,19,53.09,3.84,0.81,0,0
3.06,25,85.07,2.39,0.9,1,0
1.63,2,29.21,1.06,0.79,0,0
2.65,3,0.37,2.21,0.94,0,0
1.92,16,52.59,3.5,0.13,0,0
2.17,14,67.17,3.21,0.82,0,0
1.98,27,53.31,0.33,0.54,0,1
4.98,26,71.26,1.7,0.33,1,0
2.31,3,9.43,2.66,0.71,1,0
2.09,11,1.51,3.42,0.37,0,0
4.22,4,89.13,1.24,0.18,0,1
3.44,12,82.94,2.03,0.27,1,0
2.26,10,53.68,2.14,0.59,1,1
0.49,4,55.98,0.69,0.21,0,1
4.83,12,54.98,1.3,0.49,1,0
1.68,13,54.99,0.9,0.35,0,0
4.22,22,41.05,0.89,0.64,0,0
0.71,8,94.99,0.72,0.7,0,1
1.02,12,83.62,0.79,0.98,1,1
1.01,11,26.86,2.24,0.05,1,0
0.62,13,62.7,1.46,0.55,1,1
1.26,8,89.54,0.57,0.87,0,1
3.64,10,39.52,1.38,0.79,0,0
4.13,2,40.27,1.5,0.0,1,0
2.06,11,53.78,2.69,0.56,1,0
1.21,24,47.77,1.05,0.4,1,0
0.57,13,8.36,1.1,0.0,1,0
1.53,25,19.96,3.13,0.67,0,0
1.05,23,92.68,0.52,0.66,0,1
0.83,20,42.51,0.77,0.79,0,0
0.79,8,67.09,0.47,0.56,0,1
2.05,27,48.81,2.74,0.55,1,0
3.35,2,90.04,2.12,0.33,1,1
4.15,0,56.16,3.76,0.04,0,0
3.16,30,38.2,1.7,0.39,0,0
2.06,6,62.13,1.39,0.4,1,1
1.94,26,17.71,2.08,0.11,1,0
0.78,5,93.74,2.88,0.1,0,1
4.08,12,79.91,1.7,0.61,1,1
0.48,9,71.46,2.13,0.04,1,1
2.27,23,82.75,1.45,0.63,1,1
3.54,9,54.39,1.59,0.31,1,0
0.46,1,11.47,2.81,0.71,0,0
1.26,5,83.36,1.95,0.09,1,1
1.68,15,69.69,1.12,0.62,1,1
2.8,10,91.45,1.89,0.32,1,1
3.94,28,26.41,1.91,0.14,0,0
1.13,9,83.36,3.01,0.04,0,1
3.76,0,25.5,2.1,0.59,0,0
3.18,29,75.21,2.37,0.49,1,0
3.13,10,24.0,1.88,0.85,0,0
1.62,1,58.8,1.78,0.11,1,1
4.54,17,61.55,3.09,0.24,1,0
1.24,30,32.67,1.62,0.72,1,0
1.2,4,87.14,3.21,0.27,0,1
3.84,19,26.42,3.66,0.65,1,0
2.21,4,92.81,3.0,0.6,0,1
3.88,12,92.08,2.03,0.95,0,1
2.24,6,18.57,1.53,0.83,0,0
2.33,21,68.33,2.58,0.59,1,0
2.37,29,68.3,2.01,0.13,1,0
0.11,24,58.56,2.05,0.67,1,1
4.59,11,10.55,1.38,0.18,1,0
1.51,19,15.33,3.09,0.81,0,0
4.39,0,75.96,3.62,0.16,1,0
3.71,30,25.06,1.83,0.2,1,0
1.27,8,26.32,2.29,0.98,0,0
4.96,3,1.19,0.76,0.67,1,0
3.7,8,37.65,2.6,0.23,0,0
0.29,28,78.06,2.07,0.62,1,1
4.8,30,42.17,0.45,0.12,1,0
2.88,21,20.47,0.64,0.52,0,0
1.61,22,58.21,0.5,0.49,0,1
1.24,4,25.05,2.84,0.62,0,0
2.32,26,24.69,3.45,0.06,0,0
3.47,7,53.11,3.87,0.38,1,0
4.23,30,51.22,3.88,0.61,1,0
1.21,17,50.28,3.4,0.22,0,0
3.03,26,64.0,1.1,0.91,0,0
3.11,15,50.86,3.7,0.37,1,0
2.08,15,52.86,3.39,0.86,1,0
3.22,23,85.03,3.05,0.78,0,0
3.69,12,26.02,3.73,0.49,0,0
1.67,27,50.15,2.06,0.92,0,0
0.8,28,36.96,0.25,0.26,1,1
0.71,23,64.97,3.45,0.7,0,0
3.87,13,68.11,1.76,0.51,1,0
0.33,16,4.72,2.06,0.72,1,0
1.44,11,80.17,2.38,0.72,1,1
0.12,22,6.6,0.36,0.14,0,0
4.48,1,28.89,2.52,0.12,0,0
4.83,28,93.22,0.48,0.91,1,1
4.62,6,84.75,3.7,0.35,0,0
2.94,0,35.66,2.99,0.17,1,0
2.26,19,0.54,3.64,0.92,0,0
2.68,1,96.05,1.73,0.13,0,1
4.68,5,7.59,3.31,0.67,1,0
4.19,10,21.29,0.55,0.31,0,0
2.89,24,78.84,3.04,0.11,0,0
1.38,5,76.05,0.29,0.01,1,1
2.67,26,84.72,0.88,0.49,0,1
3.74,13,41.4,3.08,0.49,0,0
0.41,7,87.24,3.55,0.52,1,1
2.93,12,21.95,3.25,0.69,1,0
4.15,26,91.57,0.5,0.87,1,1
3.0,21,98.97,3.95,0.96,0,0
3.71,11,1.51,1.65,0.65,1,0
1.09,8,57.13,1.2,0.3,1,1
2.21,7,86.62,0.88,0.2,0,1
3.22,2,90.13,2.93,0.73,0,1
4.9,9,59.33,2.34,0.73,1,0
1.49,26,15.42,3.94,0.83,1,0
2.99,18,40.27,3.66,1.0,0,0
3.09,28,87.86,1.81,0.69,0,0
2.23,18,59.25,3.7,0.22,0,0
0.99,12,31.68,3.43,0.84,1,0
2.34,4,87.95,3.11,0.68,0,1
4.34,24,44.69,3.72,0.58,1,0
1.46,6,40.94,1.59,0.68,1,0
1.77,0,67.43,3.1,0.62,1,0
0.75,29,64.94,3.78,0.02,0,0
0.27,21,78.68,1.66,0.52,0,1
2.56,3,20.3,0.97,0.91,0,0
0.31,9,48.15,1.93,0.62,1,1
4.36,16,15.87,2.44,0.43,1,0
1.75,6,31.18,3.37,0.64,1,0
1.06,15,75.68,3.67,0.05,0,0
4.76,8,42.21,2.52,0.32,0,0
3.35,1,74.88,0.42,0.03,1,1
3.78,24,28.51,3.29,0.82,1,0
4.9,13,43.57,0.51,0.58,1,0
1.8,26,4.84,1.34,0.2,1,0
4.17,20,82.57,2.6,0.43,0,0
4.33,4,76.9,3.93,0.09,0,0
0.89,14,50.94,2.27,0.77,1,1
1.21,1,61.27,2.75,0.11,1,1
2.14,13,36.21,0.21,0.5,1,1
3.13,16,53.5,1.06,0.4,1,0
1.23,4,31.81,3.63,0.86,0,0
3.68,2,38.14,0.28,0.31,0,1
2.68,3,65.57,0.66,0.52,0,1
0.69,23,46.09,2.91,0.61,1,0
4.07,18,24.46,3.62,0.08,0,0
1.1,30,24.71,2.37,0.95,1,0
3.42,22,83.9,1.36,0.73,1,1
3.74,15,52.5,0.85,0.52,0,0
1.51,4,86.66,2.64,0.28,0,1
4.81,23,41.19,0.41,0.12,0,0
0.66,2,14.69,0.54,0.55,1,0
4.53,10,89.11,0.86,0.51,0,1
3.13,12,3.82,3.11,0.35,1,0
2.87,2,36.93,3.15,0.98,0,0
4.26,17,23.57,2.05,0.39,1,0
0.23,30,25.17,3.03,0.17,0,0
2.64,8,47.28,3.23,0.75,0,0
4.03,4,56.74,1.35,0.84,0,1
0.38,23,52.24,2.25,0.89,1,1
3.54,24,20.49,0.2,0.38,1,0
4.57,20,61.09,0.75,0.42,0,0
4.18,25,21.75,3.95,0.85,0,0
0.72,3,96.93,1.54,0.12,0,1
1.49,13,58.37,1.53,0.44,0,0
0.29,21,21.59,1.07,0.47,0,0
3.74,30,59.36,1.4,0.12,1,0
3.32,10,37.64,1.51,0.92,1,0
0.64,28,60.93,1.08,0.29,1,1
2.13,16,51.25,1.28,0.82,1,1
3.48,21,56.71,2.96,0.14,1,0
3.55,28,16.7,3.47,0.88,1,0
1.46,30,39.74,1.17,0.74,1,0
4.63,19,65.47,1.63,0.51,0,0
0.76,15,35.13,2.91,0.41,0,0
2.21,15,11.32,3.08,0.33,0,0
2.41,24,1.21,1.03,0.31,0,0
2.4,11,50.48,0.91,0.74,1,1
3.48,8,46.24,3.34,0.99,1,0
0.99,29,77.91,1.47,0.71,0,1
0.57,25,58.43,2.04,0.7,1,1
1.06,3,5.25,2.09,0.51,1,0
4.73,3,70.4,3.22,0.9,0,1
2.69,25,32.83,2.39,0.0,1,0
1.06,20,90.74,3.56,0.83,0,1
4.33,13,93.25,1.44,0.09,1,1
0.37,0,99.49,3.05,0.97,1,1
3.83,15,32.74,3.11,0.77,1,0
0.74,14,41.16,3.66,0.14,0,0
2.45,26,77.41,2.44,0.33,0,0
0.73,24,49.79,0.34,0.98,0,1
4.45,11,98.87,2.08,0.07,0,0
4.53,0,40.12,3.19,0.57,1,0
2.42,28,22.0,1.49,0.92,0,0
3.88,6,19.2,2.13,0.04,0,0
2.06,15,6.23,3.4,0.14,0,0
3.76,17,81.99,0.8,0.05,0,1
2.6,19,8.48,0.27,0.81,1,0
0.7,16,55.34,3.64,0.28,1,0
0.79,2,91.13,1.23,0.02,1,1
0.54,12,19.19,0.64,0.08,1,0
3.32,27,8.02,2.66,0.46,1,0
1.07,17,72.12,0.59,0.88,0,1
2.39,8,49.38,3.17,0.67,0,0
4.83,18,77.85,2.14,0.05,0,0
0.11,30,98.96,1.12,0.49,1,1
1.0,29,33.04,3.18,0.8,0,0
1.97,19,77.48,1.0,0.57,1,1
0.16,26,87.73,3.36,0.31,1,1
0.26,17,66.19,0.33,0.56,0,1
1.02,18,32.01,0.64,0.15,0,0
2.42,11,58.14,2.65,0.24,1,0
4.07,7,16.97,3.9,0.16,0,0
4.21,14,91.47,2.62,0.98,0,0
4.98,23,69.34,2.46,0.82,1,0
4.88,3,73.03,3.89,0.89,0,1
1.18,19,14.32,1.47,0.67,1,0
4.22,23,55.25,3.75,0.27,1,0
1.8,15,19.33,2.93,0.04,1,0
4.75,25,74.02,2.66,0.78,0,0
4.08,0,72.73,2.32,0.65,0,1
4.9,20,14.96,3.92,0.1,0,0
1.82,3,46.51,2.05,0.32,0,0
0.93,9,94.52,2.36,0.35,1,1
4.04,29,82.88,2.67,0.86,0,0
3.86,30,7.49,2.04,0.16,1,0
0.29,6,58.92,1.54,0.82,0,1
4.57,16,81.1,0.79,0.85,0,1
4.34,28,0.66,3.25,0.93,0,0
4.51,24,91.2,1.11,0.62,0,0
2.59,3,34.37,2.53,0.41,0,0
3.66,1,98.86,2.09,0.44,0,1
1.13,15,20.96,2.95,0.17,1,0
4.64,30,55.44,1.76,0.27,1,0
3.65,9,20.71,0.97,0.41,1,0
1.33,17,80.53,3.33,0.41,1,1
2.1,6,13.47,2.7,0.39,0,0
4.9,4,86.4,1.82,0.83,1,1
0.78,12,60.19,2.02,0.22,1,0
3.64,28,84.49,3.93,0.36,1,0
4.57,26,18.13,3.0,0.09,0,0
0.19,14,99.02,3.49,0.62,0,1
3.33,26,32.63,3.03,0.48,0,0
4.83,8,43.85,0.37,0.36,1,0
2.56,14,81.71,1.21,0.36,1,1
2.57,25,62.93,0.94,0.46,0,0
1.1,10,62.8,2.73,0.78,1,1
0.19,6,54.62,3.72,0.41,0,1
3.93,28,30.75,1.15,0.91,0,0
4.7,11,53.49,1.14,0.67,0,0
1.13,19,64.76,3.58,0.77,0,0
2.96,11,49.62,3.94,0.12,0,0
2.49,24,16.12,3.32,0.85,1,0
0.28,18,60.6,3.39,0.74,1,1
0.87,7,56.67,3.76,0.11,1,0
2.19,1,81.7,1.4,0.85,1,1
4.36,14,77.68,0.82,0.8,0,1
4.15,2,20.74,2.74,0.08,0,0
0.11,29,55.26,1.53,0.68,0,1
2.91,25,11.81,1.53,0.38,0,0
0.74,13,56.05,0.34,0.06,1,1
0.78,2,41.62,1.78,0.5,0,0
3.59,19,46.89,3.36,0.15,0,0
1.84,15,27.87,1.73,0.29,0,0
4.35,26,14.59,1.78,0.63,0,0
2.02,6,79.94,2.98,0.35,0,0
0.19,11,22.85,0.31,0.79,1,1
1.38,12,14.88,2.34,0.08,0,0
3.34,4,22.64,3.16,0.13,0,0
2.4,15,37.09,2.03,0.93,1,0
2.15,28,20.19,0.12,0.76,1,0
0.37,14,85.69,0.43,0.9,0,1
4.86,6,3.73,1.7,0.9,0,0
2.95,2,99.52,1.29,0.49,0,1
3.07,10,21.95,0.27,0.75,0,0
4.78,18,65.38,0.77,0.45,1,0
4.33,28,71.49,0.63,0.22,0,0
0.19,22,99.1,0.63,0.18,1,1
2.23,10,18.5,3.96,0.51,0,0
3.47,22,57.72,3.41,0.95,0,0
2.52,20,13.42,3.54,0.26,1,0
2.62,27,70.88,3.67,0.65,1,0
3.93,29,44.57,0.73,0.08,1,0
0.9,30,9.54,1.22,0.9,1,0
1.54,27,55.26,1.47,0.53,1,0
0.54,2,75.56,0.54,0.86,1,1
1.11,18,56.61,1.48,0.01,0,1
4.0,8,86.47,0.15,0.77,0,1
0.39,13,77.85,3.5,0.28,0,1
4.51,10,24.56,0.65,0.37,1,0
3.14,17,92.79,2.81,0.19,1,0
3.79,11,56.33,3.53,0.23,0,0
3.44,17,30.65,1.24,0.99,1,0
3.38,22,84.35,3.14,0.4,0,0
3.73,28,61.55,3.0,0.65,0,0
1.65,15,32.67,1.53,0.69,0,0
4.4,17,88.8,2.87,0.96,0,0
2.19,11,3.52,3.3,0.64,1,0
2.71,0,41.91,3.8,0.46,0,0
2.48,26,40.66,1.97,0.57,1,0
1.23,26,36.11,3.07,0.29,0,0
3.37,7,29.75,0.66,0.78,1,0
4.69,18,1.1,0.75,0.37,1,0
0.46,18,95.01,2.55,0.69,0,1
2.99,2,75.98,3.8,0.07,1,1
2.03,29,20.07,1.4,0.88,1,0
4.25,13,99.91,1.45,0.99,0,1
4.81,27,14.13,1.0,0.78,1,0
2.21,26,28.42,3.66,0.33,0,0
1.1,14,43.46,0.43,0.56,0,1
2.08,0,24.8,0.27,0.34,0,0
0.44,13,12.48,1.37,0.81,0,0
2.74,26,27.38,2.83,0.77,0,0
1.8,10,94.7,0.13,0.8,1,1
0.6,14,0.01,0.97,0.68,1,0
2.81,23,56.7,2.27,0.52,0,0
4.85,12,96.06,3.08,0.16,0,0
0.44,15,5.3,0.85,0.31,0,0
2.64,21,5.79,3.62,0.41,0,0
2.77,12,64.54,2.01,0.4,0,0
3.72,19,58.84,2.85,0.27,0,0
4.27,11,73.91,1.94,0.3,1,0
1.38,21,50.66,1.02,0.78,1,1
0.55,28,57.32,3.91,0.15,1,0
4.83,7,2.5,0.4,0.97,0,0
1.62,26,41.48,0.67,0.92,1,0
1.04,7,99.13,1.65,0.61,0,1
2.34,27,89.18,3.43,0.63,0,0
0.32,18,73.23,2.85,0.46,1,1
0.7,29,14.71,2.66,0.52,1,0
3.52,28,70.44,1.94,0.6,0,0
0.5,24,20.04,1.01,0.06,1,0
2.17,6,98.74,0.99,0.25,1,1
0.47,8,23.13,1.85,0.69,1,0
4.72,27,20.47,0.54,0.34,0,0
2.8,5,52.38,1.1,0.86,0,1
0.14,22,13.09,2.27,0.71,1,0
2.08,9,77.54,2.6,0.17,0,0
3.13,12,52.56,3.0,0.63,1,0
1.5,1,47.39,0.67,0.82,0,1
0.29,8,37.96,3.12,0.11,0,0
1.98,27,72.04,2.68,0.96,0,0
3.77,3,20.73,0.7,0.17,0,0
4.56,15,79.73,2.75,0.43,0,0
0.35,17,89.51,3.64,0.61,0,1
0.83,26,53.16,1.94,0.2,1,0
0.7,6,78.16,3.67,0.55,1,1
2.41,19,73.58,1.16,0.93,0,1
3.04,6,77.82,3.06,0.5,1,0
0.66,9,5.78,0.22,0.37,1,1
1.75,24,57.93,1.97,0.8,0,0
0.42,3,4.19,3.9,0.96,0,0
2.22,16,55.15,1.21,0.65,0,0
4.41,24,8.46,1.27,0.72,1,0
3.19,0,88.5,0.57,0.5,0,1
4.69,4,4.43,1.06,0.48,0,0
3.57,20,12.38,3.57,0.26,1,0
3.53,18,55.25,0.86,0.1,0,0
0.74,2,71.7,2.89,0.95,1,1
3.22,27,46.7,3.37,0.2,1,0
1.83,10,74.7,0.3,0.4,0,1
3.51,3,88.07,1.51,0.0,1,1
2.72,2,49.85,3.93,0.71,0,0
0.99,11,76.62,1.88,0.59,1,1
3.54,16,47.89,1.12,0.29,0,0
1.54,26,13.57,0.87,0.69,1,0
4.81,30,35.81,2.63,0.88,0,0
2.69,7,58.33,0.96,0.85,1,1
0.66,19,15.15,2.36,0.7,1,0
1.84,18,12.87,1.78,0.12,0,0
2.19,27,84.61,2.52,0.22,1,0
2.41,8,31.92,1.81,0.68,1,0
3.91,13,62.06,3.64,0.83,1,0
0.49,4,78.54,2.52,0.33,0,1
3.43,9,14.24,0.7,0.03,1,0
3.71,13,61.09,1.73,0.62,0,0
3.96,23,61.45,2.47,0.67,1,0
3.17,23,56.87,1.13,0.39,0,0
1.72,20,43.44,0.41,0.33,1,0
0.88,15,67.28,0.48,0.18,0,1
3.86,26,40.58,2.34,0.02,1,0
0.57,1,76.99,0.79,0.57,0,1
1.64,28,58.31,2.84,1.0,0,0
3.17,9,49.69,1.01,0.3,1,0
4.96,17,7.27,2.36,0.25,1,0
2.77,1,60.96,3.52,0.33,1,0
1.87,17,76.86,2.74,0.57,0,0
2.05,13,81.63,3.24,0.15,1,0
3.62,14,42.72,0.49,0.31,1,0
3.76,2,15.27,2.67,0.64,1,0
1.44,15,26.85,3.21,0.42,1,0
3.57,23,94.73,0.38,0.78,1,1
0.18,22,9.13,2.58,0.34,1,0
1.43,19,99.59,3.74,0.45,1,1
3.1,10,59.71,3.43,0.96,1,0
2.18,20,82.18,0.25,0.01,0,1
1.79,24,96.89,1.08,0.01,0,1
1.99,22,65.56,0.39,0.08,1,1
1.91,17,31.88,1.37,0.34,0,0
2.85,5,83.18,3.07,0.58,0,1
4.93,27,38.79,2.64,0.5,0,0
3.41,25,65.42,3.8,0.24,1,0
0.42,9,91.77,0.9,0.38,0,1
0.43,16,27.04,1.25,0.81,0,0
0.34,24,93.91,1.97,0.95,1,1
1.7,26,50.92,1.84,0.87,1,0
3.58,29,74.48,1.75,0.02,1,0
0.34,8,8.12,2.18,0.67,0,0
1.57,14,79.34,3.69,0.15,0,0
1.84,0,87.22,0.86,0.26,0,1
2.7,18,85.18,2.46,0.92,0,1
1.72,10,37.64,0.18,0.78,0,1
3.13,23,46.53,3.06,0.56,1,0
2.54,10,18.27,1.32,0.71,0,0
0.48,10,63.99,2.7,0.54,1,1
4.4,26,29.13,0.19,0.6,1,0
0.92,3,1.99,2.25,0.01,1,0
0.25,18,26.81,3.38,0.58,0,0
1.66,9,99.72,1.56,0.67,0,1
0.3,28,33.0,1.9,0.82,1,0
4.53,9,12.83,1.63,0.99,0,0
2.98,23,86.95,3.32,0.11,0,0
3.37,29,39.67,0.32,0.82,0,0
3.94,29,68.9,2.47,0.8,1,0
0.82,25,24.65,0.27,0.62,0,0
0.67,14,64.71,1.52,0.86,0,1
4.85,5,12.94,0.76,0.59,0,0
2.93,9,27.01,1.69,0.38,1,0
1.1,27,49.57,1.64,0.64,0,0
1.9,26,91.65,2.04,0.61,1,1
2.28,27,1.72,3.87,0.45,1,0
0.31,9,5.31,2.67,0.77,0,0
2.65,18,41.13,3.21,0.31,1,0
2.94,8,60.02,0.25,0.71,0,1
1.27,30,19.78,2.23,0.77,1,0
1.56,8,76.86,1.4,0.71,0,1
4.03,26,42.42,1.22,0.63,1,0
2.35,25,92.06,0.64,0.4,0,1
3.47,24,8.73,3.92,0.93,0,0
2.84,20,23.88,1.1,0.88,0,0
1.27,2,91.96,2.02,0.21,1,1
3.64,17,62.92,2.38,0.24,0,0
0.88,14,98.83,3.25,0.12,0,0
0.7,26,87.23,3.64,0.37,1,0
3.37,20,42.02,2.7,0.47,1,0
2.68,19,93.67,0.38,0.37,0,1
0.28,3,58.22,3.44,0.02,0,1
2.18,23,5.56,3.87,0.45,0,0
4.02,23,29.57,0.89,0.54,1,0
1.45,24,15.35,1.41,0.76,0,0
1.48,0,67.44,0.91,0.07,1,1
1.32,8,73.18,3.42,0.18,1,1
0.83,25,21.03,1.69,0.17,1,0
4.93,0,40.96,2.97,0.58,0,0
2.65,16,71.34,2.79,0.25,0,0
3.72,15,34.0,0.68,0.41,1,0
1.56,5,27.88,1.74,0.56,1,0
4.28,25,76.89,0.41,0.29,0,1
4.46,14,17.57,2.35,0.61,1,0
3.45,18,91.66,1.36,0.87,0,1
2.02,22,80.24,3.52,0.23,0,0
4.22,18,54.02,0.53,0.08,0,0
2.87,1,55.08,1.48,0.34,1,1
3.21,2,46.16,1.44,0.2,0,0
3.46,24,24.91,0.27,0.86,1,0
0.23,26,54.36,2.65,0.59,1,0
2.85,19,55.81,1.73,0.0,0,0
3.0,13,18.37,2.79,0.0,1,0
2.85,9,36.62,1.21,0.2,0,0
3.68,0,65.74,0.85,0.34,0,1
4.83,4,37.22,1.56,0.8,1,0
0.33,8,98.2,0.95,0.87,1,1
2.86,1,24.51,2.23,0.08,0,0
4.51,2,13.56,3.01,0.07,0,0
0.33,5,94.14,1.25,0.3,0,1
4.32,25,6.11,0.58,0.6,0,0
0.44,17,50.12,1.22,0.39,0,1
1.62,26,86.99,0.92,0.87,0,1
3.53,29,4.43,0.97,0.11,1,0
2.98,20,27.05,0.55,0.63,0,0
0.78,14,73.85,0.98,0.35,0,1
0.12,27,16.16,0.26,0.17,0,0
1.25,28,34.73,3.56,0.02,0,0
1.03,18,27.02,0.23,0.87,0,0
0.42,30,12.81,1.21,0.98,0,0
4.73,18,80.94,3.72,1.0,0,0
4.8,21,2.85,3.54,0.98,0,0
3.78,16,97.43,1.05,0.66,1,1
3.08,21,88.0,0.34,0.09,1,1
4.8,4,57.47,2.21,0.83,0,1
3.88,14,25.71,0.49,0.75,0,0
4.0,11,95.57,2.74,0.14,0,0
0.9,4,41.1,0.16,0.45,1,1
3.08,23,35.99,0.52,0.33,1,0
1.42,13,35.61,1.24,0.67,1,0
0.68,0,37.49,0.52,0.3,0,1
3.83,22,29.43,1.38,0.55,1,0
2.47,3,91.11,2.96,0.58,0,1
4.67,27,22.02,3.16,0.98,1,0
4.89,20,23.47,1.45,0.85,0,0
1.41,3,0.28,0.6,0.98,1,1
0.93,15,39.3,1.88,0.39,1,0
2.66,13,54.37,0.66,0.78,1,1
4.98,24,89.29,2.34,0.04,0,0
2.04,23,44.27,1.35,0.7,1,0
2.07,28,46.3,3.37,0.56,1,0
4.15,3,77.63,1.37,0.2,0,1
2.68,8,56.04,2.42,0.83,1,1
3.46,28,1.47,2.19,0.1,1,0
4.81,29,65.45,2.8,0.01,0,0
3.82,18,83.94,1.43,0.63,0,1
4.04,19,70.31,2.03,0.69,1,1
0.57,6,59.5,2.5,0.93,0,1
2.21,30,65.37,3.36,0.87,0,0
3.28,8,16.82,2.68,0.12,1,0
1.6,13,32.59,3.2,0.74,1,0
1.3,4,4.82,3.81,0.22,1,0
4.88,28,11.35,3.63,0.22,1,0
4.92,10,99.79,2.53,0.01,0,0
1.19,21,31.72,2.48,0.88,0,0
1.94,13,51.05,3.14,0.34,1,0
3.22,24,65.99,0.81,0.43,1,0
1.28,30,93.15,2.37,0.09,0,1
2.97,6,25.41,3.15,0.87,0,0
3.47,15,36.24,1.06,0.47,0,0
0.61,12,12.11,0.98,0.09,0,0
0.68,27,88.61,2.79,0.71,1,1
1.44,10,29.51,0.19,0.46,0,0
3.31,20,90.09,1.95,0.91,1,1
1.07,3,5.83,3.05,0.24,0,0
4.81,11,32.74,0.36,0.58,0,0
1.23,30,44.46,2.39,0.77,1,0
1.41,22,48.97,2.9,0.84,0,0
2.16,16,60.28,3.67,0.61,0,0
4.81,15,0.44,0.97,0.65,0,0
4.89,22,82.25,1.62,0.44,1,0
1.35,11,34.91,1.97,0.38,1,0
4.15,21,51.03,2.5,0.46,0,0
4.52,8,40.35,3.79,0.27,1,0
4.19,13,41.53,3.96,0.99,1,0
0.29,3,88.22,0.82,0.69,0,1
3.27,21,82.21,3.82,0.78,0,0
2.46,20,97.43,1.38,0.03,1,1
2.78,9,90.06,3.52,0.33,0,0
4.22,11,54.61,1.48,0.53,0,0
2.89,5,77.15,2.57,0.91,0,1
2.42,10,81.35,1.22,0.72,0,1
3.1,13,32.68,0.85,0.86,0,0
3.59,27,15.88,1.78,0.55,0,0
4.92,23,41.3,2.02,0.85,1,0
4.25,23,38.11,0.32,0.4,1,0
2.28,10,60.98,3.34,0.73,1,0
4.4,6,90.85,2.78,0.85,0,0
3.09,22,67.75,1.45,0.47,0,0
3.29,13,80.27,3.86,0.33,1,0
0.79,28,58.99,1.62,0.05,0,0
1.8,27,37.81,0.18,0.92,0,0
0.44,6,66.89,1.36,0.41,1,1
2.32,20,27.81,2.93,0.49,0,0
3.38,22,97.78,0.65,0.07,1,0
2.12,29,27.82,0.7,0.25,1,0
0.19,30,23.99,2.76,0.75,0,0
3.25,6,67.87,3.73,0.8,0,0
1.48,0,86.69,3.83,0.97,1,1
2.82,15,5.4,0.76,0.19,1,0
4.1,13,2.78,3.98,0.53,0,0
1.99,28,93.63,0.18,0.91,0,1
0.84,2,93.36,2.53,0.9,1,1
0.16,15,52.42,3.8,0.31,1,0
2.3,14,5.75,3.47,0.16,0,0
4.21,29,72.78,1.77,0.1,0,0
4.2,25,78.33,2.99,0.49,1,0
2.17,6,10.29,3.28,0.88,1,0
3.63,20,48.01,0.96,0.35,1,0
1.58,18,8.82,1.24,0.71,1,0
4.68,17,76.9,1.14,0.86,0,1
2.62,9,87.27,3.99,0.74,0,1
4.58,8,23.03,3.72,0.98,0,0
1.08,6,40.85,3.55,0.17,1,0
3.5,23,13.91,2.51,0.73,0,0
3.44,25,13.37,1.95,0.16,0,0
1.81,27,21.4,1.03,0.32,1,0
0.35,6,47.65,0.44,0.94,1,1
0.74,25,67.27,0.64,0.13,0,0
2.23,10,68.04,3.08,0.59,1,0
1.58,29,4.7,1.18,0.85,0,0
4.48,2,87.7,1.84,1.0,0,1
1.44,20,60.15,2.79,0.06,0,0
4.66,24,42.92,1.72,0.98,0,0
1.3,1,8.32,2.3,0.38,0,0
0.5,9,46.21,3.39,0.98,0,0
4.0,13,70.55,1.14,0.66,0,1
3.48,18,92.67,3.66,0.09,0,0
0.19,1,69.58,2.79,0.02,1,1
1.02,29,8.26,1.04,0.99,1,0
0.87,5,29.71,3.18,0.27,1,0
4.35,6,94.01,0.97,0.6,0,1
3.43,18,1.65,2.01,0.22,0,0
2.62,15,95.76,0.74,0.36,1,1
2.19,8,51.18,2.41,0.24,1,0
3.23,28,95.19,3.25,0.57,1,0
1.23,22,36.08,3.3,0.46,1,0
2.3,4,21.37,2.13,0.37,0,0
3.07,16,35.18,1.4,0.6,0,0
1.08,21,60.18,3.2,0.12,1,0
4.83,22,53.23,0.52,0.31,1,0
1.29,19,28.18,0.74,0.43,1,0
4.91,11,60.44,3.04,0.03,0,0
0.36,27,23.09,2.41,0.15,0,0
1.56,27,19.48,3.62,0.8,0,0
2.28,25,11.68,2.93,0.57,0,0
1.97,18,11.26,3.09,0.49,1,0
3.08,3,71.56,2.93,0.7,1,1
4.9,13,89.67,1.66,0.41,0,0
3.72,16,90.71,0.29,0.23,0,1
4.44,3,14.43,3.57,0.3,0,0
4.97,28,99.36,1.63,0.61,1,0
3.95,28,78.05,2.26,0.42,0,0
1.38,28,61.77,3.51,0.35,0,0
0.26,8,52.1,0.91,0.26,1,1
2.22,11,68.01,2.75,0.86,0,0
3.86,23,10.73,1.22,0.63,1,0
1.76,23,30.1,2.76,0.45,1,0
2.19,19,38.25,1.9,0.78,1,0
3.14,15,31.01,3.3,0.93,0,0
4.12,5,13.57,2.4,0.54,0,0
1.68,10,1.44,1.44,0.15,1,0
3.92,19,76.6,2.26,0.79,0,1
2.77,22,34.1,2.83,0.96,0,0
1.69,24,69.79,0.91,0.86,0,0
2.04,21,4.03,1.95,0.25,1,0
1.21,2,70.46,3.22,0.7,1,1
3.43,12,72.8,2.12,0.08,1,0
1.15,20,50.49,3.81,0.69,1,0
4.51,22,74.78,3.89,0.94,0,0
3.25,20,57.05,3.93,0.64,1,0
3.8,8,66.65,0.91,0.23,1,0
3.72,29,73.95,1.03,0.71,0,1
2.91,21,15.58,2.25,0.75,0,0
3.43,3,3.62,3.12,0.2,0,0
2.88,10,7.79,3.7,0.5,0,0
1.43,24,97.89,1.26,0.46,1,1
3.28,28,57.21,1.25,0.97,0,0
1.67,29,61.74,2.37,0.42,1,0
2.64,10,10.2,1.12,0.13,0,0
1.91,1,78.19,2.58,0.89,1,1
2.73,3,39.62,3.7,0.03,0,0
2.21,7,76.34,1.71,0.24,0,1
0.11,28,78.02,2.48,0.8,0,1
2.03,16,7.2,3.22,0.96,1,0
2.02,23,17.27,3.72,0.95,1,0
4.22,12,85.3,3.82,0.18,1,0
2.03,15,3.92,2.54,0.73,0,0
2.54,23,91.78,1.09,0.19,1,1
3.6,22,28.58,3.27,0.82,1,0
2.61,15,32.59,0.19,0.39,1,0
4.93,17,91.89,1.57,0.44,1,0
4.93,4,17.93,0.41,0.55,1,0
4.56,15,1.59,3.39,0.28,0,0
3.04,30,90.46,3.39,0.57,0,0
4.72,20,87.94,2.15,0.16,0,0
0.94,10,78.37,3.38,0.09,0,1
3.76,15,24.4,3.83,0.28,0,0
2.71,16,69.88,3.74,0.4,1,0
0.57,13,29.25,2.62,0.33,0,0
4.61,6,11.71,0.83,0.02,0,0
4.15,21,12.46,3.3,0.66,0,0
1.56,27,78.03,0.38,0.6,0,1
2.58,7,37.05,3.05,0.91,1,0
3.0,17,62.51,2.09,0.87,0,0
0.46,11,72.15,1.62,0.72,0,1
1.45,26,60.92,2.08,0.29,0,0
0.56,21,34.38,2.48,0.2,1,0
2.17,27,71.59,2.33,0.64,0,0
4.54,19,10.0,3.38,0.2,1,0
2.97,30,58.57,2.92,0.18,0,0
4.81,6,58.85,2.46,0.78,0,0
4.86,18,86.97,1.93,0.05,1,0
0.96,0,22.62,3.63,0.56,1,0
3.23,30,13.46,3.35,0.96,1,0
3.31,14,12.2,1.04,0.57,1,0
4.96,23,37.24,0.95,0.26,0,0
4.73,25,80.69,0.73,0.6,1,1
1.59,30,63.42,3.34,0.49,1,0
2.0,3,49.4,2.62,0.11,0,0
4.0,9,91.69,3.2,0.99,1,1
4.29,10,15.07,2.38,0.63,0,0
3.23,5,68.99,2.22,0.55,1,1
2.23,22,57.49,2.18,0.42,1,0
4.21,0,92.31,2.19,0.6,0,1
1.02,27,32.12,2.4,0.99,1,0
3.22,15,51.45,3.15,0.04,1,0
3.06,28,4.0,0.21,0.35,0,0
2.15,9,7.43,2.63,0.83,0,0
0.98,20,95.31,1.38,0.01,1,1
3.42,18,1.25,1.85,0.92,1,0
0.23,20,47.73,1.4,0.88,0,1
2.81,0,12.86,2.38,0.39,1,0
3.01,7,77.04,2.63,0.2,0,0
0.49,26,92.54,1.08,0.68,0,1
1.87,2,59.06,0.52,0.36,1,1
1.65,20,52.4,2.71,0.31,0,0
3.37,14,59.62,0.71,0.62,1,0
0.17,1,97.8,3.4,0.41,0,1
4.59,11,27.44,1.15,0.36,1,0
1.49,27,57.3,0.28,0.71,1,1
3.69,21,99.47,1.5,0.04,1,0
4.02,12,74.2,3.63,0.7,0,0
4.51,4,2.18,1.93,0.97,1,0
4.09,14,60.72,2.25,0.63,0,0
0.17,26,65.86,0.36,0.31,0,1
2.63,24,62.77,2.96,0.55,0,0
1.52,27,43.0,1.23,0.61,0,0
0.99,19,51.51,2.05,0.87,1,1
0.76,13,72.26,1.06,0.53,0,1
4.35,13,55.13,0.21,0.42,1,1
3.19,2,40.24,3.15,0.13,1,0
3.7,20,10.52,3.53,0.49,0,0
4.6,12,20.97,3.69,0.96,0,0
2.98,16,26.22,3.65,0.7,1,0
1.34,20,12.83,2.56,0.31,1,0
2.23,25,78.92,2.37,0.06,1,0
3.22,25,52.2,3.94,0.38,0,0
2.24,16,15.01,2.87,0.63,0,0
4.81,16,33.94,3.8,0.1,1,0
3.86,5,34.11,2.14,0.04,0,0
4.77,8,70.31,1.54,0.62,1,1
2.16,9,63.73,1.58,0.63,1,1
0.63,15,83.31,3.07,0.87,1,1
0.39,19,69.93,0.46,0.91,0,1
3.55,6,84.03,3.13,0.65,0,0
2.59,3,95.43,2.07,0.78,1,1
2.79,19,73.28,1.94,0.64,0,1
3.74,6,65.2,1.5,0.22,1,0
1.14,5,77.71,0.87,0.53,1,1
3.24,17,85.4,3.23,0.41,1,0
0.74,10,20.93,2.32,0.8,1,0
1.95,30,1.14,2.63,0.13,1,0
1.36,24,80.66,0.44,0.24,0,1
4.55,16,47.98,3.89,0.28,1,0
0.96,26,74.06,0.85,0.72,0,1
1.93,27,41.59,3.47,0.93,0,0
1.62,2,86.23,3.74,0.0,0,1
3.39,9,66.79,2.42,0.54,0,0
1.21,0,6.16,2.02,0.37,0,0
1.95,6,80.74,1.35,0.77,1,1
0.54,28,56.06,2.19,0.43,0,0
4.84,25,19.83,0.84,0.26,0,0
0.86,21,79.2,2.11,0.03,0,1
0.29,8,0.04,1.11,0.01,1,0
0.6,10,49.73,0.83,0.15,0,0
1.58,10,91.69,0.75,0.59,0,1
4.45,1,9.48,2.75,0.71,1,0
1.51,2,98.52,0.11,0.52,0,1
0.45,20,71.94,0.16,0.4,0,1
3.21,17,77.7,3.54,0.61,0,0
3.03,12,73.49,3.65,0.87,0,0
4.24,28,44.97,2.51,0.55,0,0
2.01,1,44.15,0.85,0.64,1,1
4.29,12,45.85,3.53,0.99,0,0
1.73,21,59.12,2.99,0.97,1,0
0.55,19,27.97,1.98,0.66,1,0
0.34,11,7.87,2.47,0.94,0,0
4.95,0,24.86,2.28,0.27,0,0
2.4,1,57.12,1.95,0.29,0,0
3.17,22,74.35,1.48,0.87,1,1
0.61,26,85.29,3.69,0.86,1,1
0.27,25,58.13,2.49,0.12,1,1
0.82,11,89.69,0.34,0.52,0,1
1.75,29,97.2,1.9,0.09,0,0
0.63,11,83.5,3.02,0.08,0,0
2.19,30,19.37,3.49,0.73,0,0
4.71,11,25.6,0.84,0.09,0,0
3.28,25,14.45,3.91,0.99,0,0
0.53,24,83.6,0.41,0.32,1,1
0.99,21,68.76,2.25,0.47,1,0
3.86,21,53.1,0.64,0.92,0,0
2.22,19,60.79,1.28,0.73,0,1
4.92,29,38.01,3.27,0.92,1,0
3.38,23,5.24,1.56,0.04,1,0
3.81,27,57.69,2.67,0.24,1,0
3.76,18,11.31,1.93,0.28,1,0
3.59,13,81.56,2.79,0.88,0,0
1.13,15,1.94,3.08,0.99,0,0
0.37,7,85.28,1.23,0.27,0,1
1.36,11,9.56,1.88,0.34,0,0
4.97,17,19.37,0.2,0.61,0,0
2.75,5,96.77,0.73,0.88,0,1
2.78,16,74.85,3.57,0.52,1,0
3.61,4,12.34,1.62,0.86,0,0
3.21,13,33.88,3.06,0.24,0,0
2.34,5,60.43,3.83,0.72,1,1
3.52,21,2.08,2.74,0.57,0,0
0.82,4,33.37,0.15,0.88,1,1
4.93,13,8.75,1.57,0.85,1,0
0.67,7,97.69,2.25,0.16,0,1
0.42,20,87.8,3.8,0.3,0,1
0.53,3,97.84,3.21,0.35,1,1
0.76,16,57.41,4.0,0.54,1,0
1.68,2,71.28,3.64,0.23,1,1
1.69,21,94.68,1.78,0.34,0,0
0.34,25,56.31,1.62,0.02,1,1
0.97,9,16.38,0.9,0.68,0,0
0.11,10,85.57,2.26,0.67,1,1
0.35,7,1.33,0.13,0.92,0,1
0.25,1,12.23,0.89,0.97,0,1
0.18,12,36.62,1.05,0.87,1,1
3.88,10,55.32,2.0,0.45,0,0
4.59,17,23.68,0.95,0.32,0,0
2.11,8,30.13,2.6,0.15,1,0
3.03,15,77.6,0.85,0.44,0,1
3.01,30,47.06,3.39,0.69,1,0
1.43,4,13.2,0.83,0.89,0,0
2.18,1,98.55,1.48,0.49,0,1
1.4,8,80.43,1.06,0.57,1,1
3.85,11,73.45,2.53,0.19,0,0
3.71,5,15.32,0.58,0.32,0,0
3.55,5,32.73,2.86,0.02,1,0
3.04,21,23.31,0.84,0.61,0,0
4.7,8,24.38,1.98,0.21,1,0
0.69,3,75.31,2.02,0.41,0,1
3.99,15,27.2,2.0,0.64,0,0
4.34,16,74.62,0.7,0.07,1,1
4.76,18,20.09,2.72,0.37,1,0
2.34,15,16.24,3.94,0.92,1,0
3.21,29,10.71,2.31,0.63,0,0
4.11,29,6.9,3.56,0.55,1,0
1.89,8,87.68,0.4,0.97,1,1
2.8,3,55.8,2.19,0.38,0,0
3.53,10,89.61,1.42,0.73,1,1
2.8,2,14.71,0.49,0.44,0,0
4.66,30,57.51,0.16,0.77,0,1
1.42,2,58.65,0.86,0.56,1,1
4.7,28,51.54,2.24,0.34,0,0
0.73,0,89.48,3.14,0.66,1,1
3.37,16,0.67,3.95,0.54,0,0
2.37,28,27.69,0.42,0.35,0,0
1.19,22,9.41,3.21,0.02,0,0
2.03,1,2.6,0.25,0.09,0,0
0.23,12,89.56,2.33,0.36,0,1
3.54,26,10.56,0.47,0.2,1,0
0.8,15,68.75,0.75,0.62,0,1
0.37,27,30.06,2.62,0.28,1,0
2.17,19,95.36,1.34,0.79,1,1
2.91,22,11.4,2.5,0.18,1,0
3.56,19,67.59,3.66,0.75,1,0
2.48,27,50.34,0.28,0.78,0,1
4.5,23,85.46,1.91,0.11,0,0
2.06,4,57.4,3.16,0.57,1,0
1.75,7,22.48,0.96,0.53,1,0
0.31,21,75.47,3.92,0.21,0,1
2.94,19,62.96,1.3,0.34,0,0
3.59,1,21.45,1.05,0.17,0,0
3.37,13,61.23,2.55,0.98,1,0
1.5,29,30.74,1.29,0.9,1,0
3.43,3,71.76,1.26,0.26,1,1
1.86,18,89.71,1.69,0.24,1,1
3.11,8,31.67,1.04,0.19,0,0
4.78,13,88.44,0.32,0.59,0,1
0.71,17,45.63,3.19,0.84,0,0
1.45,12,40.27,0.18,0.52,0,1
4.98,21,36.84,0.59,0.71,1,0
1.38,10,10.98,2.83,0.38,1,0
2.47,1,12.01,3.57,0.46,0,0
2.83,9,22.02,1.68,0.96,1,0
3.35,16,28.41,0.14,0.25,1,0
0.88,13,22.6,2.53,0.17,0,0
2.92,0,40.46,2.27,0.81,0,0
0.89,14,48.14,3.37,0.69,0,0
4.84,3,79.46,3.84,0.59,0,0
1.69,7,23.42,3.73,0.3,0,0
3.92,7,12.06,2.49,0.53,1,0
0.5,13,11.74,0.2,0.95,1,1
0.92,4,15.95,2.04,0.52,0,0
2.05,15,34.18,3.88,0.3,1,0
1.81,15,59.76,0.67,0.81,1,1
3.12,3,43.8,3.59,0.66,0,0
2.0,10,44.55,0.32,0.18,1,1
4.47,1,31.59,3.64,0.29,0,0
4.82,6,92.82,3.0,0.32,1,0
1.31,16,59.17,2.91,0.48,1,0
0.94,8,39.96,0.95,0.66,0,1
2.45,8,52.35,0.93,0.87,0,1
0.32,10,96.87,2.83,0.23,1,1
2.69,16,45.65,2.75,0.13,1,0
1.1,1,95.15,0.86,0.63,0,1
4.88,1,42.35,0.72,0.66,0,0
2.29,27,42.37,2.71,0.66,0,0
4.46,18,54.91,0.59,0.47,1,0
2.51,6,26.67,1.24,0.79,0,0
3.4,11,79.81,1.67,0.76,0,1
0.65,29,74.27,3.35,0.19,1,0
0.43,0,66.8,2.29,0.31,0,1
0.15,15,71.84,1.54,0.66,0,1
3.97,11,33.02,0.59,0.62,1,0
4.55,17,89.02,3.79,0.17,1,0
0.96,21,56.15,0.21,0.11,1,1
4.14,24,78.89,0.45,0.63,1,1
3.65,29,65.23,3.31,0.28,1,0
2.24,21,14.99,2.86,0.41,1,0
3.4,2,84.23,0.84,0.12,0,1
1.66,11,35.46,1.56,0.44,0,0
3.21,18,61.83,1.09,0.66,1,0
1.97,29,56.28,2.54,0.83,0,0
4.4,20,81.45,3.66,0.63,0,0
4.94,14,90.04,3.96,0.59,0,0
0.35,5,55.47,0.78,0.36,1,1
4.97,19,18.64,1.0,0.36,1,0
0.48,23,40.46,0.54,0.25,1,0
3.68,6,36.52,2.16,0.94,0,0
0.12,19,29.94,1.78,0.92,0,0
2.17,5,94.25,2.07,0.33,0,1
1.75,18,34.93,1.2,0.22,1,0
0.45,1,74.56,0.53,0.81,0,1
1.4,29,71.73,1.94,0.18,1,1
1.63,19,44.66,1.34,0.22,0,0
2.36,27,63.47,2.02,0.42,1,0
2.94,1,71.27,3.97,0.44,0,1
0.34,25,17.68,1.91,0.11,0,0
3.97,1,20.1,0.59,0.33,1,0
0.37,2,93.2,1.92,0.24,0,1
1.35,24,45.03,3.01,0.73,1,0
2.41,26,64.06,3.9,0.69,0,0
2.38,30,94.99,3.97,0.62,0,0
0.74,26,25.77,1.2,0.49,1,0
3.15,0,38.91,0.97,0.58,0,0
1.41,5,29.69,1.16,0.59,1,0
3.45,24,43.27,2.53,0.29,1,0
4.08,7,1.16,2.91,0.24,1,0
4.31,7,56.27,1.49,0.71,1,1
3.56,4,43.12,3.74,0.56,1,0
3.37,20,76.71,0.93,0.35,1,1
2.77,28,7.13,0.48,0.21,0,0
2.22,14,65.5,1.88,0.44,1,0
1.96,27,18.65,2.39,0.87,1,0
4.98,20,46.06,3.74,0.45,1,0
1.36,11,39.46,2.74,0.88,1,0
1.51,29,72.65,1.77,0.88,0,1
0.27,28,94.78,1.48,0.62,0,1
0.77,29,15.04,2.98,0.8,1,0
3.64,24,35.91,0.16,0.84,0,0
1.13,22,60.13,2.35,0.03,1,0
3.83,0,3.29,0.54,0.11,1,0
1.34,17,46.59,1.45,0.96,0,0
1.43,17,68.94,3.49,0.16,0,0
1.19,29,42.01,2.48,0.75,1,0
2.2,26,47.43,0.41,0.55,1,0
4.22,2,90.48,1.5,0.73,1,1
4.25,13,89.28,0.29,0.11,1,1
2.71,17,95.34,3.48,0.44,1,0
2.36,0,21.02,3.52,0.87,1,0
2.04,3,67.22,2.52,0.2,1,0
1.62,8,89.0,1.28,0.02,0,1
3.36,3,18.76,1.26,0.95,0,0
2.38,14,72.19,2.93,0.12,0,0
3.64,3,49.29,3.4,0.83,0,0
3.09,21,14.69,3.73,0.5,1,0
2.2,24,39.81,0.45,0.99,1,1
1.54,18,94.73,3.93,0.14,1,0
3.58,11,65.56,2.99,0.11,1,0
3.53,6,63.87,3.39,0.07,0,0
4.7,11,55.25,2.83,0.63,0,0
0.74,26,24.13,1.36,0.53,1,0
0.87,16,5.21,3.03,0.54,1,0
0.56,15,0.62,3.04,0.2,0,0
0.25,6,55.15,2.89,0.81,1,1
1.34,4,95.02,2.16,0.66,1,1
4.01,4,46.98,3.72,0.02,1,0
1.71,9,70.09,0.51,0.22,1,1
3.86,11,75.81,3.49,0.08,1,0
4.64,16,55.26,3.46,0.89,0,0
0.38,19,93.43,2.16,0.97,1,1
0.63,0,97.99,1.94,0.92,1,1
1.1,6,67.13,0.14,0.64,0,1
2.18,23,0.26,1.83,0.02,1,0
1.59,18,79.71,1.03,0.38,1,1
2.1,12,25.83,1.58,0.0,0,0
2.75,28,79.36,0.99,0.6,1,1
4.88,28,64.8,1.06,0.58,1,0
2.93,5,56.29,3.89,0.26,1,0
3.72,12,44.55,0.94,0.02,1,0
2.3,19,50.38,2.5,0.19,0,0
4.19,19,27.16,3.4,0.92,0,0
2.39,16,83.52,2.06,0.72,1,1
0.75,12,77.19,3.55,0.17,1,1
2.46,2,94.54,2.47,0.49,0,1
2.92,29,67.36,2.71,0.21,0,0
4.21,19,50.84,3.62,0.95,0,0
4.05,5,64.9,3.43,0.98,1,0
2.26,22,83.74,2.44,0.65,1,1
1.96,4,52.02,0.65,0.41,1,1
2.68,28,73.17,0.21,0.04,0,1
0.45,9,27.35,0.97,0.23,1,0
1.2,4,55.7,0.46,0.96,0,1
3.32,15,81.05,3.23,0.71,0,0
4.16,10,90.31,1.94,0.82,1,1
2.02,6,70.79,1.0,0.13,1,1
1.43,30,74.62,2.1,0.21,1,1
4.03,2,50.57,2.17,0.85,0,1
0.61,0,69.57,3.62,0.08,0,0
3.44,5,96.3,0.84,0.53,1,1
2.63,1,58.61,3.39,0.59,0,0
4.14,21,80.47,3.56,0.27,0,0
0.9,17,27.61,3.48,0.16,0,0
1.48,30,55.55,2.82,0.2,0,0
2.24,2,47.93,0.5,0.16,0,1
1.46,3,52.04,1.52,0.97,1,1
4.33,2,24.34,3.95,0.09,0,0
4.44,12,86.64,0.35,0.31,1,1
4.89,2,44.77,3.18,0.15,0,0
2.47,26,41.67,0.98,0.51,0,0
1.51,28,86.04,0.99,0.13,0,1
1.86,19,77.42,1.84,0.04,1,1
0.28,24,78.48,1.7,0.85,1,1
4.67,14,87.32,2.69,0.08,0,0
4.2,19,21.41,2.5,0.1,1,0
3.83,8,93.59,1.69,0.8,0,1
3.35,23,23.04,2.13,0.42,1,0
4.07,7,69.18,0.53,0.74,0,1
4.68,13,88.89,1.92,0.62,0,0
4.11,15,54.11,1.41,0.28,1,0
0.73,7,2.15,2.16,0.36,0,0
2.96,20,75.07,1.31,0.38,1,1
0.31,3,53.84,1.49,0.09,1,1
4.92,16,65.92,1.03,0.07,0,0
0.61,11,27.83,3.28,0.88,0,0
1.16,24,48.43,0.87,0.36,1,0
3.62,3,26.56,0.15,0.11,0,0
0.28,28,14.32,3.3,0.16,1,0
1.21,10,56.74,0.48,0.25,1,1
4.97,5,60.82,1.77,0.6,0,0
2.33,20,23.85,3.6,0.27,1,0
4.62,26,63.36,2.08,0.18,0,0
1.68,0,6.35,0.58,0.52,0,0
4.83,13,99.49,2.39,0.29,0,0
1.95,23,25.44,1.34,0.95,0,0
0.36,15,8.65,1.05,0.18,1,0
3.15,19,77.61,2.72,0.09,1,0
4.11,25,57.7,1.65,0.22,0,0
4.0,0,47.37,0.44,0.86,0,1
4.46,19,12.1,0.22,0.94,1,0
2.16,15,2.61,2.18,0.67,0,0
1.73,2,86.76,0.48,0.95,0,1
4.71,4,4.98,1.14,0.25,1,0
1.96,28,5.22,0.91,0.01,1,0
0.31,3,7.66,3.04,0.13,0,0
0.46,22,80.81,2.3,0.52,1,1
4.47,12,15.82,2.52,0.91,0,0
3.76,8,44.41,2.09,0.1,0,0
2.04,28,68.08,2.19,0.09,0,0
4.89,10,51.62,3.92,0.13,0,0
2.25,30,56.07,2.28,0.67,1,0
3.4,17,37.77,3.63,0.39,0,0
0.9,11,49.9,3.67,0.2,0,0
4.44,23,45.57,3.71,0.48,1,0
4.86,17,31.68,3.51,0.73,1,0
3.16,1,48.3,1.79,0.96,1,0
2.25,0,32.11,2.78,0.13,1,0
4.91,6,62.57,2.96,0.15,1,0
4.84,5,23.41,0.91,0.72,0,0
2.88,18,17.03,2.49,0.12,0,0
4.99,30,69.72,3.46,0.53,1,0
3.57,14,8.74,1.77,0.07,0,0
4.55,8,42.15,3.98,0.8,0,0
1.32,8,64.75,0.77,0.42,1,1
0.86,10,58.58,2.61,0.51,1,0
2.61,9,35.25,0.33,0.62,0,1
4.78,13,70.09,2.26,0.83,0,1
1.15,8,50.49,3.4,0.49,0,0
1.64,19,39.79,3.09,0.76,1,0
0.88,25,35.49,0.55,0.48,0,0
1.94,15,64.06,1.12,0.63,1,1
4.69,0,23.27,0.9,0.81,0,0
0.74,18,89.58,1.83,0.22,1,1
0.59,30,66.0,0.98,0.87,1,1
2.4,1,33.56,3.24,0.98,0,0
3.0,14,43.14,1.65,0.96,0,0
3.61,16,35.44,0.36,0.31,1,0
3.94,5,49.86,3.29,0.85,0,0
0.69,13,0.15,3.42,0.5,0,0
4.61,30,42.69,3.61,0.95,0,0
3.31,16,61.84,1.3,0.45,1,0
0.59,7,83.64,0.28,0.26,1,1
1.35,15,31.92,1.44,0.58,0,0
4.32,30,84.25,2.74,0.4,0,0
4.87,27,12.51,3.95,0.81,1,0
1.49,27,19.44,1.16,0.35,0,0
1.3,18,14.5,2.1,0.2,0,0
2.73,5,20.68,3.32,0.07,1,0
2.3,8,93.14,0.26,0.54,1,1
4.84,17,26.61,1.48,0.35,0,0
4.68,21,79.76,1.39,0.05,0,0
0.84,17,74.33,2.87,0.82,0,1
0.46,0,62.94,0.24,0.3,0,1
0.91,30,36.65,0.94,0.75,0,0
4.9,13,85.86,1.12,0.2,1,1
3.23,15,49.44,1.41,0.83,1,0
0.34,19,93.57,3.28,0.18,0,1
4.13,3,73.57,4.0,0.37,1,0
3.44,1,39.45,3.22,0.02,0,0
2.25,6,16.38,2.34,0.23,1,0
4.32,20,10.39,2.12,0.07,0,0
0.41,15,77.41,0.92,0.96,1,1
3.75,19,84.54,1.54,0.45,0,0
0.67,13,35.29,1.77,0.14,1,0
0.47,26,97.47,0.28,0.38,0,1
2.45,26,56.52,2.66,0.42,0,0
2.5,24,56.72,1.64,0.94,1,0
2.08,10,17.83,3.74,0.46,1,0
0.73,4,82.14,2.59,0.01,0,1
3.4,13,88.5,3.98,0.47,0,0
3.35,11,54.05,1.03,0.11,0,0
0.73,22,36.29,2.57,0.28,1,0
2.26,3,69.62,1.75,0.02,1,1
1.11,20,86.0,2.57,0.46,1,1
0.67,15,48.95,1.0,0.91,1,1
2.91,3,70.79,3.5,0.09,1,1
1.23,18,81.97,2.17,0.31,0,1
0.58,25,51.03,0.78,0.91,0,1
3.25,12,52.01,3.6,0.39,1,0
1.71,0,87.84,0.43,0.36,0,1
4.12,6,6.1,0.89,0.43,0,0
1.8,12,80.83,3.32,1.0,0,0
3.81,27,18.84,3.06,0.74,0,0
4.17,22,91.16,2.65,0.54,0,0
4.39,7,88.91,0.66,0.72,1,1
1.41,9,76.78,3.17,0.57,0,1
4.12,4,11.31,1.48,0.23,0,0
4.29,16,70.63,2.15,0.67,1,1
2.98,15,47.59,1.0,0.78,0,0
1.24,29,18.99,1.61,0.39,0,0
2.61,3,79.21,1.68,0.67,0,1
0.45,11,81.63,2.82,0.77,1,1
3.42,26,58.02,3.7,0.95,0,0
0.78,30,35.01,1.07,0.21,0,0
4.06,30,28.28,3.31,0.88,0,0
1.85,3,64.58,0.38,0.4,0,1
1.53,21,17.17,1.68,0.46,1,0
2.9,29,57.65,2.75,0.48,0,0
2.23,20,60.42,1.14,0.4,0,0
1.3,18,63.12,1.77,0.54,0,0
3.85,20,50.47,3.96,0.99,1,0
3.13,12,84.21,2.69,0.37,0,0
1.02,24,4.14,1.51,0.88,0,0
4.19,30,86.73,0.33,0.55,0,1
1.41,23,55.53,2.17,0.87,0,0
3.68,13,64.18,0.86,0.58,1,0
0.47,8,8.09,2.28,0.97,1,0
4.69,19,38.51,0.43,0.53,1,0
2.79,4,14.32,3.86,0.84,0,0
4.41,1,95.0,1.91,0.37,0,1
3.02,18,27.8,2.01,0.54,1,0
1.05,29,3.63,2.81,0.27,1,0
1.35,19,42.14,0.47,0.99,0,1
4.82,22,47.02,0.74,0.27,0,0
2.28,3,73.88,3.03,0.48,0,1
1.91,10,56.35,1.29,0.3,0,1
2.35,21,25.65,1.47,0.5,1,0
4.77,23,4.72,1.47,0.49,0,0
1.62,0,92.56,1.13,0.23,0,1
1.87,21,47.51,2.66,0.93,1,0
4.29,30,98.67,0.8,0.9,0,1
1.1,2,5.29,1.03,0.36,1,0
2.71,26,76.0,3.4,0.89,1,0
4.82,30,18.41,2.49,0.89,1,0
2.67,6,16.55,3.31,0.54,1,0
1.11,16,39.45,3.69,0.78,0,0
0.33,6,6.9,0.52,0.17,1,0
3.86,23,81.55,3.64,0.32,0,0
0.43,4,57.4,1.16,0.23,1,1
0.11,23,5.18,0.32,0.12,0,0
0.48,26,40.31,1.86,0.38,0,0
3.75,3,9.86,1.3,0.69,1,0
2.53,13,16.4,3.79,0.63,0,0
4.8,2,59.08,3.21,0.45,1,0
4.99,5,99.13,2.07,0.67,0,1
3.14,10,21.09,4.0,0.87,1,0
0.6,24,36.33,1.93,0.51,0,0
2.66,16,57.06,3.73,0.49,0,0
2.51,25,17.58,1.21,0.21,1,0
0.93,13,97.19,3.74,0.67,1,1
3.29,29,1.4,1.93,0.47,0,0
2.76,27,41.46,3.79,0.43,1,0
2.53,29,79.34,3.83,0.42,1,0
3.47,30,23.63,1.89,0.19,0,0
4.48,28,54.19,2.61,0.32,0,0
3.39,22,29.68,2.49,0.69,1,0
3.31,17,72.75,0.54,0.28,0,1
4.63,1,90.79,3.58,0.32,1,0
2.62,25,18.03,3.41,0.25,1,0
1.81,18,23.51,1.95,0.11,1,0
3.29,0,27.14,2.64,0.44,1,0
0.65,28,75.46,0.19,0.37,0,1
1.54,18,53.2,3.18,0.88,0,0
1.1,8,83.89,1.3,0.81,0,1
3.4,2,72.8,1.46,0.87,0,1
4.15,6,66.25,3.92,0.62,0,0
4.19,28,7.22,1.74,0.07,0,0
2.69,0,86.91,1.8,0.04,0,1
1.22,5,97.49,1.55,0.8,0,1
0.98,9,61.62,0.75,0.02,0,1
3.43,24,24.03,3.22,0.64,1,0
1.49,17,55.1,1.72,0.07,0,0
4.68,29,93.02,3.19,0.67,0,0
2.05,24,41.53,2.66,0.75,0,0
0.35,3,79.29,3.51,0.19,1,1
2.29,23,45.15,1.46,0.1,0,0
3.69,25,62.24,2.19,0.04,0,0
3.7,23,70.01,2.72,0.52,1,0
1.41,9,57.57,3.02,0.16,1,0
2.26,28,48.66,3.62,0.27,0,0
1.39,10,10.15,3.63,0.3,1,0
2.77,6,80.29,0.92,0.07,0,1
0.39,9,76.27,1.13,0.39,0,1
1.68,26,78.01,2.31,0.25,0,0
2.1,3,89.24,3.83,0.28,0,1
1.6,3,78.01,3.82,0.34,0,1
2.81,11,34.47,3.25,0.86,0,0
3.78,12,67.63,0.12,0.94,1,1
0.8,27,99.88,0.49,0.87,0,1
2.22,7,82.59,2.07,0.82,0,1
1.29,8,62.6,3.62,0.87,1,1
4.45,9,34.34,0.88,0.2,0,0
3.27,12,80.85,1.08,0.02,0,1
1.14,6,66.98,2.69,0.49,1,0
2.03,1,88.75,3.19,0.12,0,1
4.79,3,47.74,1.69,0.74,1,0
0.94,14,40.24,2.64,0.95,0,0
0.19,29,26.35,0.34,0.48,0,0
3.45,24,88.63,3.81,0.51,1,0
3.74,3,14.5,3.34,0.15,0,0
4.65,19,88.57,2.65,0.6,0,0
3.69,1,80.38,1.18,0.31,1,1
1.32,13,81.64,3.33,0.53,0,1
3.27,30,25.87,0.23,0.3,1,0
0.48,12,7.56,3.09,0.88,1,0
2.92,5,66.68,3.58,0.74,1,1
2.8,22,32.26,0.51,0.86,1,0
3.39,24,50.2,2.84,0.09,0,0
3.35,24,26.55,2.3,0.29,0,0
3.52,22,80.47,0.6,0.77,0,1
4.27,23,73.4,0.94,0.44,0,0
1.77,17,97.07,1.14,0.85,0,1
3.98,20,95.93,2.61,0.43,0,0
3.42,3,39.15,3.86,0.15,1,0
3.66,26,77.67,0.85,0.45,1,0
0.64,19,5.74,2.85,0.28,0,0
4.4,4,80.6,1.31,0.85,0,1
1.12,13,62.9,0.71,0.47,0,1
3.36,3,5.87,0.43,0.62,0,0
3.23,12,17.23,3.59,0.36,0,0
2.06,16,61.62,2.95,0.7,1,0
3.41,19,72.8,3.85,0.27,1,0
3.25,24,25.44,3.55,0.77,0,0
4.91,9,78.02,3.2,0.95,1,1
1.96,4,50.41,1.78,0.58,0,1
1.73,22,47.04,0.11,0.19,0,0
1.76,12,40.46,2.13,0.71,0,0
4.84,9,61.59,2.94,0.16,0,0
4.1,10,98.35,1.14,0.52,1,1
4.9,12,90.56,3.14,0.97,0,0
3.52,12,55.27,3.61,0.53,0,0
3.24,8,94.73,0.48,0.17,1,1
0.13,19,20.73,3.58,0.01,0,0
1.86,8,50.22,3.87,0.1,0,0
2.56,10,60.01,3.29,0.54,1,0
1.32,23,28.02,2.07,0.08,0,0
3.02,30,92.73,2.17,0.3,1,0
1.73,24,5.75,1.98,0.28,0,0
3.3,11,24.01,0.21,0.83,0,0
0.61,29,58.29,2.33,0.96,0,0
2.05,9,92.93,2.84,0.85,1,1
0.54,6,12.58,2.81,0.36,1,0
4.87,8,48.54,0.46,0.64,0,0
0.16,10,73.77,2.16,0.7,1,1
1.02,13,39.19,2.97,0.9,1,0
4.31,9,75.98,3.07,0.28,1,0
1.75,7,93.5,1.73,0.69,1,1
3.24,9,25.95,3.19,0.03,0,0
3.04,2,12.12,3.42,0.97,1,0
2.25,7,34.78,2.08,0.83,1,0
2.4,24,83.94,0.33,0.42,0,1
4.1,1,4.28,1.09,0.57,1,0
1.86,1,11.99,1.13,0.03,1,0
4.11,18,10.98,3.14,0.66,0,0
1.26,23,8.29,1.59,0.08,1,0
3.22,4,59.79,3.24,0.86,0,0
4.5,2,66.88,3.16,0.66,1,0
0.68,30,47.87,2.94,0.94,1,0
2.65,23,6.5,2.24,0.63,1,0
2.21,0,1.4,0.9,0.55,0,0
1.72,4,20.32,2.8,0.87,1,0
3.79,19,21.89,2.41,0.24,1,0
3.22,1,16.52,3.63,0.6,0,0
2.0,16,80.61,1.2,0.38,1,1
1.94,4,62.59,3.69,0.9,0,0
3.75,12,49.36,0.95,0.95,0,0
0.99,17,70.67,3.73,0.63,0,1
2.81,28,83.85,2.35,0.06,0,0
1.1,24,99.37,3.82,0.4,0,0
1.08,4,10.27,1.6,0.14,1,0
4.9,17,47.57,3.04,0.46,0,0
1.73,28,24.61,3.1,0.19,1,0
0.61,22,93.36,0.58,0.06,1,1
1.63,9,77.45,3.06,0.77,1,1
4.64,0,41.64,2.77,0.35,0,0
3.92,2,98.85,3.4,0.23,1,0
0.35,2,66.19,1.86,0.34,0,1
2.46,26,35.53,1.82,0.86,0,0
1.48,6,49.88,2.54,0.54,1,0
2.18,23,19.28,1.28,0.47,0,0
4.37,13,47.6,2.97,0.1,1,0
0.26,10,39.78,0.46,0.88,1,1
0.63,13,77.19,0.72,0.42,0,1
3.17,4,97.72,0.6,0.76,1,1
2.12,9,76.33,0.57,0.56,0,1
4.84,19,81.47,3.44,0.84,1,0
3.12,10,40.87,1.97,0.82,0,0
2.98,7,60.35,1.1,0.52,0,1
3.38,3,36.5,1.25,0.36,0,0
2.18,3,35.34,3.23,0.53,1,0
3.9,26,49.62,3.4,0.92,0,0
0.12,28,23.42,0.45,0.19,0,0
3.83,30,48.11,0.14,0.3,1,0
3.24,4,75.88,1.51,0.8,0,1
0.71,9,61.67,2.03,0.38,0,1
2.46,6,99.82,1.87,0.7,1,1
1.25,20,24.36,3.81,0.62,1,0
3.88,6,20.89,3.07,0.54,0,0
0.24,18,10.37,0.18,0.05,1,1
0.14,7,54.87,3.61,0.54,1,1
0.46,24,95.03,2.91,0.54,1,1
4.33,16,4.52,1.42,0.16,1,0
1.98,12,49.16,0.9,0.33,1,0
2.97,14,97.29,1.2,0.16,1,1
1.82,1,57.45,3.08,0.1,0,0
1.98,6,37.9,0.15,0.24,1,1
3.72,9,18.06,1.1,0.01,0,0
4.34,23,10.91,0.57,0.46,1,0
3.47,24,22.03,0.77,0.41,1,0
4.92,30,77.81,0.8,0.14,1,0
0.13,1,73.94,3.53,0.71,1,1
0.27,19,4.04,1.86,0.99,0,0
3.87,11,86.09,0.19,0.85,0,1
2.54,11,76.95,1.67,0.32,1,1
0.93,11,23.24,1.99,0.1,1,0
3.89,1,14.37,3.81,0.63,0,0
1.74,3,49.45,2.74,0.42,1,0
0.7,15,17.54,3.94,0.08,0,0
3.36,8,3.84,0.59,0.67,1,0
1.77,14,57.71,0.47,0.04,1,1
3.17,21,10.94,1.12,0.43,0,0
4.77,18,47.17,2.56,0.56,0,0
1.15,25,79.42,1.2,0.79,0,1
4.75,0,76.55,3.89,0.78,1,1
2.24,7,53.15,0.64,0.13,0,1
2.75,11,88.13,0.76,0.05,0,1
1.84,18,20.35,2.69,0.29,0,0
3.88,23,45.54,1.77,0.42,1,0
0.91,28,71.02,3.91,0.32,1,0
4.06,11,43.58,0.24,0.22,1,0
3.87,29,86.5,2.46,0.14,1,0
2.11,7,75.22,0.59,0.3,1,1
3.31,20,41.36,1.79,0.97,1,0
0.28,23,30.75,0.26,0.37,0,1
4.34,7,91.01,2.54,0.72,0,0
2.54,30,54.54,3.2,0.8,0,0
3.54,13,73.43,3.08,0.13,1,0
4.33,11,24.13,1.49,0.1,0,0
4.01,13,21.27,3.01,0.61,1,0
4.13,22,79.62,1.95,0.56,0,0
0.64,27,11.27,3.99,0.46,0,0
4.58,5,27.36,3.86,0.82,0,0
1.82,26,66.92,2.42,0.27,0,0
3.92,16,23.14,1.89,0.19,0,0
1.25,26,38.58,0.75,0.25,0,0
1.35,9,35.69,1.57,0.74,0,0
4.88,21,67.7,2.37,0.81,0,0
3.02,28,95.71,2.09,0.18,1,0
2.76,5,94.19,1.33,0.98,1,1
1.73,22,72.36,1.18,0.2,1,1
1.82,9,78.32,3.0,0.61,0,0
0.47,1,10.95,0.89,0.08,1,1
2.59,21,93.91,3.78,0.76,0,0
0.85,14,46.61,3.16,0.73,1,0
3.88,25,79.45,3.99,0.35,1,0
2.8,16,89.15,3.98,0.95,0,0
3.19,2,76.49,1.42,0.25,0,1
3.53,7,63.65,3.75,0.25,0,0
0.66,17,99.21,0.21,0.77,1,1
4.46,9,89.61,2.48,0.82,1,1
0.46,6,92.0,0.22,0.92,1,1
0.31,23,42.92,2.86,0.36,1,0
2.86,24,49.54,0.39,0.95,0,0
0.93,5,65.04,2.4,0.53,0,1
0.42,11,35.96,0.69,0.74,0,1
3.42,7,59.63,0.66,0.04,0,0
1.91,24,0.85,2.14,0.66,1,0
0.3,13,28.12,1.9,0.6,0,0
1.72,0,20.23,1.46,0.65,1,0
3.39,23,81.63,0.37,0.36,0,1
3.8,29,15.43,3.21,0.28,0,0
2.09,19,33.4,3.57,0.58,0,0
3.07,8,16.43,1.73,0.22,1,0
2.91,13,34.15,0.91,0.19,1,0
0.7,6,95.29,3.07,0.78,1,1
4.58,3,50.24,2.9,0.69,1,0
2.52,21,10.97,3.04,0.42,0,0
4.47,7,51.43,1.62,0.2,0,0
3.04,3,42.83,0.47,0.18,1,1
4.0,30,23.48,2.39,0.2,0,0
0.84,29,30.16,3.98,0.41,0,0
1.87,29,69.15,2.64,0.43,0,0
1.68,28,1.0,0.24,0.81,0,0
4.73,20,63.0,2.72,0.63,0,0
4.81,17,87.71,3.47,0.52,0,0
0.53,11,67.27,0.34,0.34,0,1
4.03,16,4.59,0.9,0.95,1,0
4.3,5,33.86,2.51,0.75,1,0
3.96,28,37.08,0.89,0.64,0,0
1.51,6,22.83,2.06,0.35,0,0
3.31,4,92.26,0.14,0.06,1,1
2.09,2,1.39,0.7,0.2,0,0
2.31,16,65.57,1.03,0.21,1,0
4.3,16,60.31,2.53,0.38,1,0
0.93,18,34.02,2.09,0.9,0,0
2.3,7,14.67,1.77,0.57,1,0
4.17,18,15.93,3.07,0.11,1,0
3.31,16,68.4,0.77,0.49,1,0
2.06,16,65.65,1.02,0.77,0,1
3.52,14,33.2,2.35,0.98,0,0
3.67,1,43.08,1.89,0.28,0,0
1.91,20,84.59,2.82,0.82,0,0
2.58,21,44.54,0.85,0.43,0,0
3.46,27,43.91,1.84,0.28,0,0
1.71,26,64.27,1.57,0.34,1,0
4.53,5,93.87,0.67,0.02,0,1
3.45,13,42.61,3.95,0.97,1,0
1.93,13,27.11,1.84,0.69,1,0
1.65,30,97.34,3.95,0.79,0,0
1.01,3,27.16,3.7,0.21,0,0
0.7,5,99.85,3.45,0.64,1,1
0.86,30,79.08,2.01,0.94,1,1
1.97,27,62.03,3.01,0.09,0,0
4.21,0,59.67,3.36,0.49,0,0
0.67,12,77.0,0.52,0.05,0,1
3.7,9,29.73,0.13,0.04,1,0
3.16,7,83.82,2.36,0.92,1,1
1.87,23,15.95,3.01,0.83,0,0
0.55,2,37.69,1.89,0.04,1,0
1.24,11,30.12,1.34,0.02,0,0
3.86,8,10.34,3.84,0.4,1,0
4.9,22,16.29,0.19,0.93,1,0
2.18,25,77.36,3.96,0.62,0,0
4.1,4,92.71,2.59,0.06,0,0
3.66,11,54.03,2.09,0.84,0,0
4.45,16,44.16,2.66,0.91,0,0
1.48,25,84.51,1.97,0.66,0,1
3.79,15,88.31,1.19,0.31,0,1
2.11,26,65.06,2.23,0.12,1,0
3.22,11,41.62,2.55,0.37,0,0
0.23,2,74.99,1.65,0.08,0,1
2.72,28,22.63,0.32,0.46,0,0
4.34,29,43.22,1.18,0.55,0,0
4.97,29,50.79,2.41,0.91,0,0
4.15,13,63.23,1.73,0.96,0,0
3.43,30,20.69,2.36,0.36,1,0
0.3,18,14.42,2.59,0.07,1,0
0.53,19,63.51,3.7,0.86,1,0
0.72,21,60.51,0.47,0.71,1,1
3.59,1,84.83,2.55,0.85,0,1
1.3,13,23.89,3.57,0.59,1,0
1.62,1,56.32,1.48,0.14,1,1
4.54,6,93.58,1.43,0.45,0,1
0.51,4,82.38,2.52,0.22,0,1
0.87,4,13.99,3.83,0.03,1,0
2.51,0,95.87,3.59,0.93,0,1
0.31,18,40.29,3.75,0.22,0,0
4.65,13,38.44,3.45,0.6,1,0
0.98,2,79.07,3.37,0.25,0,1
1.46,14,98.76,2.71,0.1,0,0
3.07,10,93.26,1.83,0.01,1,1
1.37,3,29.51,1.46,0.62,0,0
3.55,21,16.48,1.19,0.74,1,0
3.92,4,7.2,3.63,0.38,1,0
4.87,26,12.21,1.99,0.18,1,0
4.91,8,11.45,1.92,0.8,1,0
3.83,6,7.76,2.04,0.06,0,0
1.71,20,60.31,2.1,0.56,1,0
1.41,19,48.93,3.84,0.02,1,0
0.67,18,68.36,3.12,0.63,0,0
0.93,8,45.75,2.9,0.73,1,0
0.72,20,75.46,0.57,0.92,1,1
3.51,19,70.1,3.33,0.15,1,0
4.85,12,4.34,3.8,0.57,1,0
1.58,22,74.03,3.63,0.11,1,0
1.08,19,75.28,3.06,0.73,0,1
4.15,26,99.18,3.86,0.11,1,0
3.03,16,56.58,3.11,0.65,1,0
3.31,4,69.38,2.66,0.73,0,0
2.79,2,57.85,0.72,0.99,0,1
0.36,9,57.08,0.72,0.49,0,1
3.39,12,73.73,1.99,0.43,1,0
0.44,3,97.85,1.87,0.32,0,1
2.71,7,68.22,3.77,0.64,0,0
0.9,12,58.51,1.01,0.35,1,1
1.5,2,99.9,3.13,0.83,0,1
3.74,1,92.58,0.99,0.58,1,1
3.84,6,3.61,1.74,0.85,1,0
4.26,4,61.18,1.07,0.66,0,1
4.42,26,88.28,0.96,0.64,1,1
4.92,18,47.64,1.33,0.07,1,0
4.99,25,53.55,3.46,0.79,1,0
3.62,11,49.77,3.16,0.6,1,0
0.51,2,24.0,1.84,0.4,0,0
2.25,13,1.82,2.78,0.3,0,0
4.64,25,76.96,2.33,0.62,1,0
4.03,26,19.64,1.74,0.56,0,0
1.5,21,60.24,1.65,0.41,0,0
2.18,18,62.74,0.38,0.21,1,1
0.82,24,93.02,3.58,0.71,0,0
0.13,7,24.44,3.24,0.59,0,0
2.94,23,21.49,3.69,0.79,0,0
2.94,5,80.91,2.11,0.22,1,1
4.94,1,46.56,0.44,0.95,1,1
1.24,28,62.85,3.63,0.17,0,0
1.92,22,95.62,1.34,0.1,0,1
4.66,14,72.76,3.91,0.05,1,0
2.16,0,66.52,0.3,0.01,1,1
1.55,18,11.02,0.89,0.11,1,0
4.51,20,60.52,3.89,0.08,0,0
4.69,2,33.37,3.65,0.95,1,0
2.35,9,2.93,3.71,0.42,0,0
3.38,10,59.41,1.55,0.03,1,0
3.09,7,85.66,2.98,0.46,1,0
1.59,21,4.16,0.18,0.49,1,0
3.36,20,25.8,3.64,0.43,0,0
3.32,23,62.6,0.83,0.02,0,0
2.28,17,36.36,3.8,0.82,1,0
4.26,7,23.05,3.63,0.76,0,0
1.42,5,82.81,3.95,0.91,0,1
4.7,13,69.98,2.93,0.86,1,0
4.63,3,78.41,3.18,0.46,0,0
1.61,2,79.41,2.51,0.09,0,1
4.19,17,8.71,1.03,0.69,1,0
3.18,15,94.46,3.59,0.16,0,0
3.33,14,54.64,0.53,0.53,1,0
3.56,24,85.48,2.79,0.79,0,0
3.45,19,85.09,2.95,0.86,0,0
2.45,20,95.68,0.7,0.14,0,1
1.96,22,58.42,3.86,0.66,1,0
4.78,1,24.65,0.27,0.38,0,0
3.22,10,3.22,0.45,0.57,1,0
3.05,17,14.42,3.76,0.27,1,0
3.42,5,69.12,1.09,0.87,1,1
2.86,6,38.42,0.47,0.61,1,1
0.88,2,76.32,2.65,0.5,1,1
0.96,16,49.3,0.58,0.38,1,0
1.05,11,20.17,2.9,0.5,0,0
4.74,15,10.4,0.48,0.95,0,0
0.25,13,51.02,2.06,0.51,0,1
4.77,19,68.75,1.4,0.4,1,0
0.76,22,49.12,0.34,0.38,0,0
2.62,10,93.44,1.38,0.38,1,1
2.3,17,1.2,2.25,0.98,0,0
2.17,25,83.51,3.03,0.34,1,0
3.33,16,44.83,1.13,0.19,1,0
4.18,8,30.47,2.15,0.77,0,0
2.26,15,43.14,2.36,0.82,1,0
2.37,15,5.87,2.45,0.15,1,0
3.57,25,33.77,2.99,0.76,1,0
3.14,12,79.67,2.2,0.78,0,1
3.16,28,99.72,1.63,0.05,0,0
3.48,23,77.97,3.32,0.2,1,0
0.34,20,76.07,2.51,0.86,0,1
4.7,9,91.08,3.2,0.53,0,0
1.97,27,99.7,1.93,0.23,1,0
3.32,8,97.22,3.75,0.86,0,0
3.77,24,2.64,3.08,0.22,1,0
0.13,2,51.13,1.86,0.86,1,1
0.46,27,7.38,1.7,0.08,1,0
1.61,10,12.93,0.54,0.97,0,0
3.67,29,60.96,1.39,0.74,1,0
1.16,23,14.9,0.34,0.47,0,0
2.7,29,52.07,1.13,0.67,0,0
3.95,16,99.66,1.82,0.43,1,0
2.34,6,59.63,1.67,0.04,0,0
1.97,17,56.86,0.82,0.18,1,0
4.33,24,93.17,1.17,0.11,1,0
3.74,4,12.36,2.05,0.91,1,0
0.18,4,75.34,2.41,0.33,0,1
4.64,28,46.34,0.45,0.12,0,0
4.16,11,97.44,0.92,0.99,1,1
2.41,30,34.16,2.35,0.86,0,0
2.66,11,1.78,2.54,0.05,1,0
3.09,6,36.12,1.3,0.27,1,0
3.9,16,48.82,2.47,0.15,0,0
4.91,22,63.2,1.33,0.08,0,0
3.46,21,58.1,2.82,0.38,1,0
4.39,19,45.91,0.46,0.66,0,0
4.12,13,79.05,1.35,0.3,0,1
1.26,19,3.67,2.94,0.46,1,0
3.34,0,72.66,2.16,0.5,1,1
1.44,18,37.7,0.8,0.43,0,0
2.33,6,79.16,0.77,0.29,1,1
0.41,9,72.1,3.41,0.49,1,1
3.01,24,76.59,2.66,0.5,0,0
2.29,26,36.12,2.32,0.39,0,0
1.38,24,26.63,3.31,0.12,1,0
2.5,0,84.5,3.16,0.93,0,1
2.86,27,1.77,1.6,0.22,0,0
2.84,15,6.32,2.12,0.87,1,0
3.34,26,75.64,3.34,0.48,1,0
0.33,8,34.11,3.58,0.57,1,0
4.94,24,76.59,1.68,0.43,1,0
2.63,6,85.65,3.6,0.27,1,0
1.39,8,65.3,3.16,0.76,0,0
2.88,15,98.49,0.94,0.41,1,1
0.58,10,6.84,3.17,0.39,1,0
0.72,22,71.39,2.01,0.76,1,1
4.58,7,35.35,2.77,0.93,1,0
4.96,14,99.69,1.22,0.63,1,1
1.45,18,41.3,1.51,0.82,1,0
1.62,28,86.42,0.88,0.54,1,1
2.86,12,53.83,3.34,0.75,1,0
0.69,1,20.74,2.45,0.37,1,0
4.98,26,91.54,3.13,0.52,1,0
3.43,28,90.09,1.93,0.34,1,0
2.55,28,45.41,0.68,0.49,0,0
4.86,26,44.23,0.44,0.01,0,0
0.42,14,91.7,3.95,0.82,1,1
2.61,6,46.66,1.1,0.42,1,0
0.59,8,81.3,1.42,0.06,1,1
4.17,7,33.99,3.01,0.76,0,0
4.57,20,81.43,0.83,0.89,0,1
1.61,6,4.47,2.18,0.11,0,0
3.1,0,35.07,1.8,0.53,1,0
4.65,12,62.79,2.16,0.12,1,0
3.04,16,23.98,1.31,0.3,0,0
0.79,4,79.83,1.17,0.64,0,1
4.08,10,68.92,1.71,0.71,1,0
4.3,24,46.99,2.32,0.29,0,0
0.56,8,49.72,0.85,0.96,1,1
4.87,29,89.56,1.84,0.93,0,0
2.14,20,38.85,2.45,0.78,1,0
3.57,26,53.79,1.64,0.13,1,0
3.01,28,22.08,1.96,0.5,0,0
2.26,18,0.14,2.36,0.76,0,0
4.21,26,68.87,0.27,0.87,0,1
3.61,23,90.88,2.78,0.89,0,0
1.19,12,25.26,1.24,0.22,0,0
0.38,29,27.29,3.49,0.92,1,0
1.47,17,78.31,1.62,0.65,0,1
4.36,28,72.85,1.48,0.09,1,0
3.31,12,54.92,0.14,0.47,0,1
4.23,23,1.03,3.37,0.06,1,0
1.76,8,51.77,0.89,0.4,1,1
2.56,5,41.1,0.87,0.01,1,0
3.43,2,55.4,2.25,0.44,0,0
4.15,3,96.79,0.87,0.6,0,1
2.17,8,78.58,3.72,0.68,0,0
0.84,24,78.38,3.88,0.19,0,0
1.84,8,93.24,3.91,0.43,0,0
4.67,12,69.19,0.77,0.28,1,0
4.2,21,17.9,2.81,0.46,1,0
3.15,22,54.77,1.07,0.02,1,0
1.02,19,4.7,2.96,0.17,0,0
2.54,0,43.03,0.79,0.87,1,1
1.99,5,49.33,1.71,0.88,0,0
1.82,29,61.57,1.83,0.98,1,0
2.23,8,56.61,2.36,0.57,0,0
0.24,15,57.19,3.19,0.02,1,0
1.08,9,28.2,0.8,0.44,1,0
0.33,26,99.8,3.63,0.87,1,1
3.88,29,92.93,3.66,0.78,0,0
4.44,1,95.16,3.21,0.88,0,1
1.07,26,46.79,2.68,0.49,0,0
4.76,0,54.64,3.67,0.7,0,0
4.4,17,59.04,0.44,0.3,0,1
0.52,29,90.56,3.47,0.92,1,1
1.64,29,11.45,1.03,0.33,1,0
4.24,21,37.16,2.8,0.09,1,0
3.97,10,8.57,2.28,0.66,0,0
0.65,30,50.34,1.49,0.1,0,0
1.94,17,29.08,0.74,0.98,1,0
3.57,14,78.48,3.12,0.83,1,0
4.95,16,10.29,0.46,0.96,1,0
1.83,16,38.3,0.18,0.87,1,1
0.66,10,81.17,1.59,0.07,0,1
3.72,24,19.12,0.48,0.96,1,0
2.21,7,66.1,1.97,0.36,0,0
0.48,11,16.55,2.61,0.26,1,0
2.44,17,52.64,0.35,0.3,0,1
2.68,27,53.0,1.51,0.81,0,0
1.73,20,21.19,3.99,0.84,1,0
2.27,22,29.1,0.78,0.87,0,0
2.24,4,70.05,1.56,0.5,1,1
3.96,23,15.13,3.15,0.84,0,0
3.44,4,39.78,2.51,0.16,1,0
0.77,7,61.17,3.35,0.75,1,1
3.48,15,90.58,2.62,0.03,0,0
2.52,3,53.07,1.69,0.4,1,1
4.71,3,10.23,3.16,0.43,0,0
4.29,20,43.11,3.96,0.29,0,0
0.5,3,1.34,2.85,0.01,0,0
4.01,29,92.35,0.37,0.39,0,1
0.51,20,66.31,2.48,0.25,0,0
0.67,4,56.93,2.04,0.34,0,1
4.96,6,7.97,1.73,0.39,0,0
4.71,17,39.41,1.68,0.98,0,0
1.09,22,89.74,2.84,0.82,1,1
3.55,20,64.06,1.55,0.65,1,0
0.58,4,14.91,0.62,0.95,0,0
4.43,29,11.28,3.56,0.26,1,0
1.78,1,35.1,0.37,0.53,1,1
3.42,19,6.13,1.55,0.46,0,0
4.53,14,93.43,1.83,0.45,1,0
3.96,8,73.55,0.79,0.55,1,1
4.78,28,22.1,1.9,0.46,0,0
1.25,18,17.85,0.89,0.58,0,0
1.86,20,31.57,0.92,0.02,1,0
0.63,1,2.81,3.27,0.4,0,0
1.36,8,67.67,0.24,0.98,1,1
2.32,22,40.63,0.89,0.26,1,0
4.94,26,82.59,3.97,0.02,0,0
3.7,5,65.75,2.02,0.58,1,1
4.69,8,89.99,0.57,0.18,1,1
4.74,25,94.01,3.97,0.12,0,0
1.18,22,98.71,3.47,0.99,0,0
0.87,30,69.92,1.56,0.91,1,1
2.96,5,2.25,0.26,0.9,0,1
4.96,3,17.25,3.28,0.66,1,0
1.24,12,47.36,1.74,0.59,1,0
3.65,17,33.62,0.86,0.15,1,0
1.32,9,57.22,2.03,0.42,1,1
0.38,14,55.78,0.83,0.46,1,1
4.21,16,64.87,2.65,0.76,0,0
4.58,4,73.06,0.97,0.67,1,1
2.92,16,70.94,2.44,0.67,1,1
0.76,16,59.64,1.38,0.87,0,1
0.46,3,37.51,2.02,0.45,0,1
3.47,26,0.61,3.4,0.53,0,0
0.37,25,67.96,2.43,0.03,0,0
4.08,17,61.42,3.23,0.15,1,0
3.89,1,80.89,0.82,0.34,1,1
4.52,22,30.8,1.05,0.72,1,0
2.83,28,6.02,3.71,0.29,1,0
0.72,0,45.19,2.12,0.43,0,0
2.42,23,54.18,1.78,0.73,0,0
4.94,27,40.77,2.14,0.65,0,0
2.1,14,43.13,3.34,0.89,1,0
4.23,17,54.45,3.46,0.13,1,0
2.01,23,69.11,1.38,0.89,1,1
2.95,16,79.68,3.26,0.2,0,0
1.75,8,54.71,1.4,0.95,1,1
2.74,29,32.57,2.36,0.46,1,0
4.94,1,76.95,2.03,0.6,1,1
2.74,28,38.37,2.41,0.66,0,0
0.12,22,73.42,1.36,0.9,1,1
2.81,27,69.69,3.05,0.77,1,0
4.47,14,0.43,3.21,0.56,0,0
4.2,21,4.83,3.53,0.63,1,0
3.12,27,65.01,2.45,0.57,1,0
4.29,0,73.8,1.02,0.94,1,1
0.22,18,30.45,0.18,0.72,1,1
2.3,5,17.82,1.17,0.41,1,0
1.81,19,84.55,3.39,0.8,0,0
2.94,27,21.19,3.13,0.89,0,0
0.99,10,32.97,2.16,0.1,0,0
1.07,11,60.19,1.13,0.85,0,1
1.74,15,48.84,2.84,0.19,0,0
2.04,18,37.12,0.78,0.53,1,0
4.96,11,72.22,1.81,0.31,0,0
2.75,4,11.83,1.37,0.18,1,0
1.01,2,73.35,2.61,0.37,0,1
1.74,29,77.92,0.33,0.56,0,1
0.29,27,52.89,1.59,0.34,0,0
1.7,19,61.37,1.73,0.43,1,0
4.82,24,50.33,0.36,0.29,1,0
1.31,7,99.47,0.62,0.42,0,1
0.47,29,25.04,3.25,0.7,0,0
4.16,21,97.37,3.17,0.18,1,0
4.09,24,40.59,3.99,0.61,0,0
3.97,8,91.18,0.79,0.65,1,1
0.37,18,96.45,0.61,0.44,0,1
3.35,28,17.51,2.12,0.04,0,0
0.18,12,84.71,1.09,0.79,0,1
0.21,18,91.89,3.8,0.71,0,1
1.72,5,17.69,1.54,0.55,1,0
1.33,26,42.57,2.46,0.12,1,0
4.97,0,97.26,1.08,0.6,1,1
0.65,6,92.94,1.49,0.97,1,1
2.9,20,94.35,0.15,0.98,0,1
3.86,30,70.0,3.99,0.01,0,0
1.74,23,83.32,2.5,0.13,1,0
2.43,8,46.69,3.5,0.83,0,0
1.06,11,35.48,0.74,0.62,0,0
3.47,17,20.48,0.29,0.68,1,0
4.59,17,13.4,2.27,0.68,1,0
1.23,21,29.11,2.32,0.04,1,0
2.55,23,82.47,3.05,0.57,0,0
3.04,19,33.82,3.84,0.95,1,0
3.27,19,58.25,1.52,0.63,0,0
3.12,13,43.13,0.15,0.67,1,0
2.4,10,15.29,2.14,0.55,0,0
1.94,11,26.08,2.16,0.99,0,0
2.34,24,69.17,1.76,0.2,0,0
4.37,5,66.96,2.75,0.9,0,0
1.3,11,15.41,1.58,0.67,1,0
4.82,15,21.29,3.23,0.92,1,0
3.44,19,69.06,1.05,0.1,0,0
0.7,0,41.25,3.76,0.64,1,0
3.17,10,68.34,3.15,0.11,1,0
4.36,4,82.74,0.94,0.62,0,1
0.22,12,34.87,3.5,0.53,1,0
2.75,6,60.23,2.42,0.84,1,1
0.52,26,16.45,1.69,0.51,0,0
3.41,21,82.8,2.83,0.4,0,0
3.43,3,68.81,0.62,0.62,0,1
3.42,19,12.64,2.73,0.78,0,0
2.07,7,3.2,0.69,0.17,0,0
2.2,24,18.94,2.95,0.5,1,0
4.86,11,77.95,2.88,0.48,0,0
1.96,23,42.43,0.84,0.45,0,0
3.81,17,7.83,0.79,0.13,1,0
4.91,13,0.32,1.81,0.99,0,0
3.2,0,35.0,3.77,0.15,0,0
1.72,25,1.52,1.54,0.92,1,0
4.99,5,5.96,1.85,0.08,1,0
2.98,25,74.01,2.93,0.2,1,0
4.2,24,53.97,1.84,0.7,0,0
2.88,11,32.21,3.34,0.9,0,0
3.88,10,43.58,1.7,0.75,0,0
1.71,22,88.2,1.2,0.53,1,1
4.85,19,21.36,2.91,0.28,1,0
1.09,3,21.09,2.01,0.5,1,0
0.58,4,5.92,2.65,0.06,1,0
3.27,10,13.16,3.25,0.12,1,0
4.31,8,48.29,2.42,0.11,1,0
0.73,19,94.93,0.55,0.76,1,1
4.83,18,15.75,0.72,0.74,1,0
1.0,7,96.27,2.0,0.16,1,1
0.93,17,63.52,3.95,0.43,0,0
2.3,3,31.08,1.09,0.6,0,0
2.23,17,14.03,2.39,0.2,1,0
4.41,22,96.23,2.63,0.53,0,0
2.33,14,93.75,1.0,0.75,1,1
0.28,15,0.11,1.88,0.31,0,0
0.63,3,6.28,2.07,0.62,1,0
1.64,7,75.66,1.01,0.94,1,1
2.52,5,48.83,0.18,0.49,0,1
3.08,11,52.98,0.88,0.05,1,0
2.84,11,91.82,3.94,0.89,1,1
0.31,20,13.48,2.36,0.78,1,0
2.45,8,18.78,2.08,0.62,1,0
3.4,28,62.78,0.18,0.53,0,0
2.63,0,44.66,3.49,0.03,1,0
3.52,11,19.52,2.03,0.88,0,0
2.09,9,5.92,2.96,0.79,0,0
4.57,4,81.95,3.68,0.05,0,0
3.67,27,76.51,3.67,0.07,0,0
2.12,20,54.77,0.76,0.19,1,0
3.33,0,84.94,1.92,0.62,0,1
2.84,23,78.01,2.7,0.5,0,0
1.61,30,61.84,0.31,0.1,1,1
0.8,2,55.87,0.86,0.48,1,1
3.61,20,44.06,2.91,0.19,0,0
1.57,29,33.31,0.64,0.85,0,0
1.34,9,76.27,0.92,0.84,1,1
0.51,4,68.35,0.17,0.05,0,1
3.54,21,11.61,0.42,0.92,1,0
1.87,1,28.6,0.87,0.32,0,0
3.03,0,69.57,0.95,0.95,0,1
0.57,2,82.56,2.16,0.17,1,1
1.62,12,88.59,2.1,0.59,1,1
1.94,17,68.33,1.18,0.86,0,1
2.86,26,96.58,0.66,0.32,0,1
4.91,20,48.95,1.55,0.37,1,0
2.82,22,21.36,0.35,0.68,0,0
4.41,6,96.61,2.76,0.22,0,0
3.63,26,22.52,3.8,0.82,1,0
4.57,18,49.92,3.72,0.67,1,0
2.79,5,29.08,0.67,0.57,1,0
3.18,28,24.59,3.9,0.64,1,0
3.96,22,6.06,0.57,0.82,1,0
1.55,1,3.1,3.12,0.29,1,0
2.33,9,53.42,2.18,0.69,0,0
0.84,28,8.03,2.47,0.18,1,0
4.46,20,64.21,0.88,0.41,1,0
3.18,26,58.19,0.11,0.74,0,1
1.98,6,28.47,3.9,0.07,0,0
4.69,18,3.83,1.37,0.68,1,0
4.65,25,82.55,2.49,0.85,1,0
2.28,13,45.87,3.92,0.27,0,0
2.47,20,29.02,1.32,0.83,0,0
4.56,30,16.05,0.25,0.51,0,0
3.98,20,29.48,2.23,0.74,0,0
1.46,28,28.32,1.56,0.09,1,0
4.87,25,14.35,1.14,0.59,1,0
1.16,0,22.01,3.55,0.21,1,0
0.3,30,13.37,2.38,0.79,1,0
3.56,25,65.22,2.88,0.92,0,0
0.85,8,11.67,3.86,0.8,0,0
3.47,29,50.95,1.51,0.01,1,0
1.97,24,7.98,0.26,0.86,0,0
2.34,3,14.63,0.87,0.79,0,0
4.21,28,40.98,1.69,0.95,1,0
1.21,14,87.04,3.27,0.79,1,1
3.83,14,74.61,2.49,0.59,1,1
1.87,13,41.84,3.75,0.32,0,0
3.95,6,26.97,3.13,0.21,1,0
1.25,27,30.45,3.42,0.86,1,0
3.96,14,51.74,0.23,0.08,1,1
3.69,19,2.93,0.92,0.04,1,0
4.63,4,65.76,2.67,0.79,1,0
2.8,5,77.88,2.93,0.58,1,1
3.94,11,92.63,0.44,0.54,0,1
2.15,25,85.73,0.47,0.52,1,1
0.27,12,36.67,3.29,0.08,1,0
3.35,2,91.0,0.31,0.12,0,1
1.99,20,21.52,0.49,0.01,1,0
2.65,10,18.06,2.72,0.39,1,0
3.9,7,48.29,0.95,0.93,1,0
3.56,23,52.67,3.63,0.37,1,0
4.88,2,32.33,1.05,0.53,0,0
0.73,26,67.28,2.2,0.84,0,0
2.61,11,24.86,1.29,0.31,1,0
2.87,3,37.75,1.88,0.99,0,0
4.97,13,71.23,3.12,0.03,1,0
3.24,13,89.9,1.69,0.49,0,0
4.81,2,5.14,1.5,0.78,0,0
1.64,1,38.2,1.64,0.75,0,0
4.34,5,26.05,3.19,0.73,1,0
0.89,12,84.03,1.5,0.8,1,1
0.49,1,81.87,0.46,0.54,0,1
2.37,10,55.54,2.93,0.22,1,0
2.72,16,54.47,3.06,0.39,1,0
4.42,11,34.15,1.54,0.61,0,0
3.27,0,39.21,2.65,0.21,1,0
0.63,18,13.34,3.6,0.45,0,0
0.29,28,2.48,2.2,0.41,1,0
1.32,22,8.89,1.97,0.27,0,0
2.08,30,28.24,0.24,0.98,0,0
3.01,8,85.23,1.91,0.21,0,0
1.79,24,80.06,0.48,0.06,0,1
3.04,20,10.84,3.33,0.28,0,0
0.89,13,44.5,1.39,0.33,1,0
2.57,11,44.95,3.48,0.02,1,0
1.01,24,76.34,2.1,0.31,1,1
4.52,11,57.59,0.2,0.59,1,1
3.25,11,15.45,3.87,0.88,0,0
1.67,3,36.67,2.68,0.84,0,0
2.43,1,70.68,1.94,0.48,0,1
4.88,18,72.77,1.05,0.88,1,1
0.75,21,21.52,0.98,0.99,0,0
3.8,24,68.73,2.2,0.02,0,0
2.76,4,85.28,1.41,0.37,1,1
3.46,2,78.29,2.84,0.13,0,0
0.2,30,33.22,1.11,0.9,1,1
1.83,26,83.68,2.77,0.8,1,0
0.67,11,12.98,2.49,0.94,1,0
3.7,19,23.8,0.81,0.86,0,0
0.26,6,64.11,3.23,0.83,1,1
4.29,15,37.18,2.86,0.66,1,0
3.19,28,37.96,1.58,0.78,0,0
2.01,3,67.26,3.86,0.61,0,0
0.25,6,49.95,3.13,0.84,1,1
4.01,1,2.41,2.2,0.04,1,0
0.1,25,42.36,0.91,0.34,1,0
4.03,19,46.17,0.14,0.21,1,0
1.68,0,17.43,3.68,0.63,0,0
0.77,12,32.16,3.22,0.85,1,0
4.22,19,26.0,2.8,0.34,0,0
4.5,11,57.14,1.12,0.53,1,0
4.97,5,92.82,1.12,0.34,0,1
4.99,14,20.59,3.81,0.89,0,0
0.26,20,56.08,0.88,0.08,0,1
4.01,6,66.19,3.04,0.38,1,0
4.68,26,12.06,3.58,0.92,0,0
0.25,17,84.58,3.16,0.8,1,1
1.04,18,76.44,3.22,0.04,0,0
3.99,19,45.6,1.22,0.99,0,0
3.15,5,94.3,1.3,0.84,0,1
0.85,30,31.98,3.22,0.58,1,0
3.54,13,65.86,0.49,0.77,0,1
4.75,16,6.92,3.95,0.73,1,0
1.46,1,64.58,2.07,0.56,1,1
1.68,22,76.11,0.98,0.93,0,1
1.69,0,60.76,0.95,0.96,1,1
0.63,3,35.21,0.24,0.89,0,1
1.94,25,25.35,2.02,0.38,1,0
3.41,14,10.66,2.69,0.44,1,0
2.36,17,30.29,0.21,0.22,0,0
1.03,26,85.08,2.89,0.1,0,0
4.49,15,17.9,2.56,0.03,1,0
0.54,17,13.52,2.16,0.01,0,0
3.94,10,6.54,1.73,0.09,0,0
1.42,13,44.14,0.51,0.01,0,0
2.79,1,70.37,2.56,0.67,0,1
1.77,30,27.85,2.77,0.22,1,0
1.44,8,79.33,2.46,0.4,0,1
1.18,22,4.48,3.02,0.81,0,0
1.98,23,87.18,0.27,0.98,0,1
0.44,4,79.23,3.98,0.98,0,1
2.19,27,95.6,3.4,0.72,1,0
4.14,0,15.48,1.72,0.26,1,0
3.04,11,26.83,1.91,0.77,0,0
1.73,14,55.19,2.96,0.59,0,0
4.28,28,22.54,2.01,0.44,1,0
4.43,22,28.03,3.65,0.64,0,0
2.79,7,28.89,1.09,0.69,0,0
2.36,2,34.82,0.34,0.45,0,1
2.34,18,70.47,3.51,0.75,0,0
1.78,12,29.6,1.93,0.73,1,0
3.57,9,93.86,1.73,0.64,0,1
0.3,29,42.24,0.54,0.62,1,1
2.77,10,6.17,1.25,0.21,0,0
4.75,6,13.21,1.53,0.99,0,0
1.79,20,77.21,2.29,0.31,0,0
1.22,11,3.84,1.24,0.18,0,0
2.52,5,78.27,1.74,0.26,0,1
2.51,4,44.51,0.68,0.72,1,1
1.49,27,38.76,1.26,0.56,0,0
1.12,7,90.75,2.64,0.98,0,1
3.5,12,62.16,3.75,0.49,1,0
4.25,3,84.28,0.79,0.96,1,1
0.3,13,35.54,2.95,0.31,0,0
1.9,5,23.54,2.34,0.8,0,0
0.5,7,92.36,2.29,0.31,1,1
2.13,19,71.01,2.45,0.1,1,1
1.69,17,50.19,2.6,0.6,0,0
0.5,14,69.59,3.54,0.21,1,0
4.73,0,61.08,1.81,0.39,1,0
4.84,30,63.23,1.57,0.23,1,0
2.27,14,94.9,2.06,0.71,0,1
2.68,16,8.34,3.06,0.68,1,0
1.63,2,95.11,2.57,0.26,1,1
2.71,19,73.73,3.49,0.03,1,0
1.51,2,9.23,1.27,0.57,1,0
2.04,17,20.62,2.47,0.93,0,0
4.05,9,95.79,2.49,0.49,1,1
2.66,4,90.78,2.9,0.47,0,1
3.42,21,43.32,2.75,0.02,1,0
2.22,30,29.0,3.66,0.88,0,0
2.09,0,6.78,1.34,0.84,1,0
0.21,27,41.08,1.2,0.09,1,0
1.11,1,79.41,1.93,0.18,0,1
3.55,15,96.76,3.05,0.33,0,0
1.25,2,8.69,1.18,0.02,0,0
0.73,30,96.35,1.34,0.64,1,1
3.58,2,64.15,2.86,0.93,0,0
3.71,9,84.95,0.26,0.1,1,1
3.91,1,22.28,3.99,0.34,0,0
4.54,13,97.05,2.83,0.63,1,0
3.97,22,20.41,1.35,0.67,0,0
1.32,10,79.05,3.08,0.45,0,1
3.45,20,12.24,1.64,0.63,1,0
1.17,23,44.91,3.62,0.86,1,0
3.55,16,82.66,1.15,0.06,0,1
1.28,0,41.47,2.62,0.15,0,0
2.92,16,55.74,3.51,0.75,0,0
3.53,15,65.4,3.46,0.12,1,0
4.88,4,43.15,0.5,0.49,0,1
4.23,2,24.69,0.64,0.44,1,0
3.89,11,31.12,2.86,0.04,0,0
2.55,29,33.88,3.98,0.18,1,0
0.2,5,83.76,2.0,0.54,0,1
3.3,16,8.92,3.5,0.35,0,0
3.12,1,17.07,2.17,0.02,0,0
3.62,6,86.72,1.22,0.9,1,1
2.2,26,42.58,3.66,0.63,1,0
3.45,25,24.29,2.76,0.03,0,0
0.67,4,41.09,3.07,0.6,1,0
1.93,23,72.8,3.01,0.15,1,0
0.46,1,36.01,0.68,0.31,0,1
1.7,18,25.11,1.37,0.78,0,0
1.82,25,11.59,1.77,0.39,0,0
1.03,8,72.56,1.4,0.64,0,1
1.11,29,0.02,0.82,0.92,1,0
1.33,30,43.43,3.08,0.55,1,0
1.74,24,12.45,1.03,0.04,0,0
3.32,12,40.38,3.12,0.26,1,0
3.16,22,36.72,1.58,0.11,1,0
3.58,7,94.47,3.04,0.42,0,0
3.33,2,57.85,2.69,0.12,0,0
4.16,3,5.16,1.81,0.07,1,0
2.19,23,11.45,2.68,0.4,1,0
0.22,22,60.05,0.1,0.24,1,1
0.76,27,27.32,1.04,0.78,1,0
3.27,12,94.37,2.67,0.01,0,0
1.65,0,17.37,0.41,0.1,1,0
4.49,24,44.87,2.49,0.44,0,0
4.82,23,32.03,0.96,0.41,0,0
2.32,0,20.95,3.1,0.89,1,0
2.43,8,3.09,2.13,0.36,0,0
0.22,14,27.06,1.65,0.26,1,0
2.64,5,20.59,0.29,0.54,1,1
2.28,29,27.86,3.01,0.53,1,0
1.53,16,12.03,0.18,0.57,0,0
1.86,13,81.45,0.57,0.13,1,1
0.27,1,56.13,3.3,0.24,1,1
1.7,25,20.28,2.58,0.06,0,0
3.65,9,18.14,3.05,0.74,1,0
1.75,21,31.93,3.45,0.62,1,0
2.7,8,71.64,1.0,0.16,1,1
4.9,22,36.71,1.87,0.87,0,0
3.71,19,41.88,3.09,0.19,0,0
4.74,0,78.37,1.31,0.44,0,1
0.52,18,96.23,2.3,0.69,0,1
0.82,29,72.8,0.97,0.52,1,1
2.87,21,52.48,2.81,0.77,1,0
2.94,10,84.94,3.08,0.66,0,0
3.63,24,9.61,3.38,0.85,1,0
2.28,20,38.08,3.78,0.32,0,0
1.23,1,13.46,0.88,0.15,0,0
2.84,10,13.16,0.37,0.44,1,0
0.95,6,99.02,0.95,0.8,0,1
3.46,13,96.36,3.88,0.78,1,0
4.21,16,63.45,0.62,0.86,0,0
0.37,0,15.95,2.83,0.51,0,0
2.85,15,26.12,0.18,0.43,0,0
2.73,25,8.88,1.92,0.41,1,0
3.54,14,45.41,0.95,0.44,1,0
4.94,11,10.95,2.99,0.08,0,0
1.67,16,11.53,3.22,0.6,1,0
1.73,26,27.41,3.35,0.23,0,0
3.46,11,84.12,3.39,0.75,1,0
3.93,6,11.31,3.94,0.35,0,0
3.05,0,4.28,3.5,0.69,0,0
2.72,5,46.26,3.9,0.8,0,0
4.42,5,57.72,1.71,0.04,1,0
2.03,12,58.17,1.62,0.62,1,0
2.88,2,84.89,2.18,0.09,0,1
3.62,30,1.88,1.78,0.15,1,0
0.71,24,52.4,1.3,0.98,1,1
0.83,26,44.78,2.32,0.28,1,0
4.33,17,51.69,0.19,0.7,0,1
3.13,19,74.4,0.66,0.61,1,1
2.21,3,26.57,0.15,0.01,0,0
2.94,14,5.2,2.41,0.59,1,0
1.07,2,48.79,2.57,0.34,1,0
1.44,23,64.09,3.14,0.81,1,0
0.22,26,88.96,0.76,0.02,1,1
1.79,23,96.59,2.91,0.79,0,0
1.72,22,92.56,3.21,0.91,1,0
0.59,30,40.15,2.73,0.69,1,0
4.97,2,68.85,3.07,0.78,0,0
3.69,5,7.1,2.38,0.47,1,0
2.76,1,24.26,3.94,0.8,1,0
0.53,13,37.65,1.51,0.95,0,0
4.96,7,52.68,3.39,0.92,0,0
1.43,18,31.02,2.16,0.59,0,0
1.84,4,13.23,1.0,0.73,1,0
4.8,24,74.27,2.11,0.12,1,0
1.28,29,51.17,0.53,0.71,0,1
2.89,12,66.19,0.94,0.79,1,1
3.18,19,36.72,0.98,0.76,1,0
4.12,13,1.47,1.41,0.03,0,0
4.21,30,24.04,3.7,0.1,0,0
2.29,19,5.57,2.5,0.0,1,0
4.62,30,43.99,2.3,0.75,1,0
0.71,25,89.25,0.55,0.96,0,1
3.61,2,17.18,3.91,0.13,1,0
1.53,22,10.72,3.33,0.98,0,0
0.27,13,51.98,2.92,0.87,0,1
4.64,22,32.21,1.54,0.77,0,0
3.37,9,3.62,1.49,0.83,0,0
1.02,21,24.41,1.89,0.67,0,0
4.72,27,43.01,1.63,0.03,1,0
4.41,9,17.64,2.85,0.72,1,0
3.85,14,68.43,1.16,0.37,1,0
0.37,14,82.97,2.09,0.23,0,1
4.8,27,56.67,1.06,0.87,0,0
1.78,4,70.77,0.24,0.68,1,1
4.63,7,85.45,2.96,0.55,1,0
1.83,2,53.28,1.75,0.8,1,1
4.5,13,93.55,1.97,0.18,1,0
2.72,14,59.91,2.81,0.88,1,0
4.64,14,84.02,0.86,0.77,0,1
4.35,24,43.27,3.98,0.41,0,0
2.18,26,91.54,1.51,0.2,1,0
2.58,23,13.35,0.32,0.0,0,0
2.08,18,82.94,0.91,0.5,0,1
1.01,25,39.26,0.3,0.85,1,1
1.11,3,81.87,0.57,0.26,0,1
4.88,20,56.45,3.56,0.4,1,0
2.32,17,22.57,3.48,0.49,0,0
0.91,28,75.01,3.8,0.13,1,0
2.36,1,46.36,1.02,0.94,0,1
1.08,24,40.93,2.98,0.98,0,0
4.11,17,99.33,1.51,0.45,0,0
4.18,30,29.71,3.7,0.4,0,0
2.27,1,31.91,2.67,0.02,1,0
4.87,29,28.17,1.78,0.79,1,0
2.63,13,39.06,1.65,0.64,0,0
2.42,9,1.85,1.88,0.8,0,0
2.86,6,48.16,2.48,0.48,0,0
0.33,25,27.1,2.74,0.11,1,0
1.83,25,10.9,0.59,0.39,1,0
4.16,18,59.93,1.86,0.13,1,0
4.07,29,97.12,1.45,0.53,1,1
4.78,15,26.87,3.62,0.68,1,0
2.23,19,73.65,2.71,0.42,0,0
0.85,27,1.13,2.69,0.88,0,0
2.6,18,22.8,0.78,0.66,0,0
3.72,15,50.8,2.96,0.14,0,0
4.88,16,64.82,1.48,0.15,1,0
2.06,8,78.58,3.47,0.63,0,0
4.32,23,22.85,2.15,0.35,0,0
4.23,30,33.89,3.34,0.14,0,0
0.83,9,48.19,2.07,0.93,0,0
4.16,2,15.14,3.51,0.56,0,0
3.44,15,39.49,0.87,0.03,1,0
1.95,6,12.17,2.53,0.25,1,0
3.98,4,84.97,0.24,0.17,1,1
2.92,17,31.23,3.42,0.27,0,0
3.03,27,13.41,2.38,0.45,0,0
2.7,19,51.23,3.41,0.43,0,0
4.6,14,34.77,0.11,0.35,0,0
4.09,2,15.44,3.49,0.64,0,0
1.72,12,52.03,2.67,0.55,0,0
1.26,27,37.97,2.41,0.8,1,0
1.88,23,81.47,2.9,0.67,1,0
0.67,26,78.66,1.93,0.32,1,1
0.28,3,12.2,3.15,1.0,0,0
1.72,20,76.61,3.54,0.08,1,0
0.53,9,16.32,2.17,0.39,0,0
4.62,14,95.09,3.24,0.06,1,0
3.3,4,96.62,2.78,0.97,1,1
4.05,17,60.3,1.62,0.78,0,0
3.65,2,47.87,2.7,0.71,1,0
2.45,7,27.72,1.82,0.09,0,0
2.17,5,75.01,2.75,0.15,1,1
2.7,23,11.6,3.55,0.75,0,0
3.42,21,45.96,1.65,0.87,0,0
0.44,29,28.31,2.17,0.5,0,0
4.14,12,42.44,3.86,0.79,0,0
2.53,14,86.29,1.69,0.52,0,1
1.85,12,0.21,0.58,0.77,0,0
3.09,9,33.11,1.04,0.53,0,0
1.73,3,9.45,2.89,0.27,0,0
1.46,23,6.71,0.84,0.93,1,0
2.36,13,11.91,2.11,0.12,0,0
1.66,19,58.9,0.3,0.71,0,1
1.07,14,50.91,3.37,0.01,1,0
3.76,26,71.26,2.9,0.62,1,0
0.21,5,30.89,2.39,0.68,1,1
2.24,2,91.38,1.41,0.14,1,1
1.43,8,37.08,3.82,0.13,1,0
3.08,26,46.21,3.8,0.02,1,0
0.47,22,10.3,2.71,0.55,0,0
0.2,21,2.89,3.41,0.35,0,0
2.68,29,21.84,1.82,0.27,0,0
4.55,29,64.75,3.69,0.97,1,0
4.2,13,23.26,3.84,0.61,1,0
4.89,18,41.76,0.23,0.16,0,0
3.9,20,53.66,3.3,0.72,0,0
2.23,0,73.08,0.21,0.92,1,1
3.26,27,74.55,1.3,0.73,1,1
0.28,30,56.19,2.48,0.96,0,1
0.56,5,99.95,1.9,0.87,0,1
4.0,25,70.5,2.73,0.35,1,0
1.49,6,65.99,3.94,0.4,0,0
4.71,25,69.49,0.31,0.1,0,0
3.36,13,88.88,3.22,0.67,0,0
0.55,7,48.87,2.62,0.34,0,0
1.19,29,3.22,3.91,0.68,1,0
2.47,18,52.12,1.11,0.31,1,0
1.19,9,99.81,3.05,0.16,0,1
1.72,1,5.69,0.83,0.05,0,0
0.64,7,42.45,1.77,0.82,1,1
0.59,1,93.38,1.9,0.12,0,1
0.75,13,85.23,3.42,0.09,0,0
1.05,1,36.58,0.82,0.36,1,1
3.31,23,60.88,3.49,0.1,1,0
0.53,0,10.45,2.83,0.99,0,0
1.28,11,25.34,1.97,0.84,0,0
0.28,12,46.19,0.42,0.24,1,1
3.89,19,40.09,3.74,0.34,0,0
2.71,13,48.4,1.86,0.04,0,0
0.25,14,20.1,3.68,0.94,1,0
4.58,2,40.31,2.16,0.59,0,0
0.65,10,90.09,0.85,0.57,0,1
2.48,14,14.17,3.12,0.35,1,0
3.7,30,55.25,2.88,0.99,1,0
2.84,5,32.1,3.03,0.19,0,0
4.12,9,6.79,3.15,0.27,0,0
0.89,11,51.02,2.79,0.92,0,0
4.52,14,58.66,3.87,0.92,1,0
0.31,7,57.76,0.89,0.92,0,1
3.96,17,17.1,2.48,0.89,0,0
3.64,8,54.69,1.18,0.47,1,0
3.51,14,62.23,1.67,0.82,0,0
2.29,30,66.39,1.44,0.63,1,0
1.65,28,20.58,0.64,0.45,0,0
3.1,8,61.53,2.44,0.93,1,0
3.64,6,11.33,2.83,0.57,0,0
4.11,19,81.77,3.66,0.54,0,0
3.23,0,49.15,3.65,0.26,1,0
2.18,14,37.67,2.63,0.36,0,0
1.74,3,64.75,3.5,0.06,1,0
2.3,23,82.32,2.29,0.07,1,0
2.08,19,34.52,1.77,0.77,1,0
0.75,19,87.54,1.5,0.98,0,1
2.25,4,61.01,2.43,0.64,1,1
0.7,23,62.94,2.04,0.57,1,0
3.07,20,26.67,1.61,0.7,0,0
1.75,22,76.02,2.95,0.84,0,0
3.75,13,42.09,0.84,0.24,1,0
2.8,5,63.85,0.24,0.26,1,1
4.74,9,61.52,3.15,0.69,0,0
1.07,10,47.06,0.43,0.22,1,1
3.71,30,62.03,3.4,0.87,0,0
3.11,14,32.38,1.46,0.75,0,0
0.85,20,26.17,3.98,0.07,1,0
3.17,7,89.19,0.76,0.51,0,1
4.8,26,92.13,0.27,0.98,1,1
1.42,13,89.1,1.12,0.7,0,1
4.64,1,55.39,1.64,0.99,0,1
0.52,13,64.45,0.71,0.74,0,1
2.63,14,56.18,1.76,0.67,1,0
2.77,20,19.08,3.06,0.01,0,0
2.87,28,91.14,3.54,0.67,0,0
3.49,5,90.68,3.88,0.93,1,1
2.9,0,55.46,3.61,0.15,0,0
2.22,3,44.93,3.91,0.39,0,0
4.6,24,88.52,2.01,0.04,0,0
4.11,16,49.46,1.08,0.06,1,0
4.8,13,88.74,1.52,0.82,1,1
0.96,6,77.32,2.11,0.57,0,1
0.58,23,0.58,2.64,0.62,0,0
0.22,2,73.34,2.84,0.18,0,1
4.13,30,18.1,2.88,0.49,0,0
0.45,11,81.62,1.5,0.57,1,1
3.96,20,90.23,2.32,0.85,0,1
0.43,22,61.58,0.56,0.1,1,1
0.5,26,93.84,0.83,0.01,1,1
1.16,13,39.03,1.57,0.12,0,0
1.29,21,94.13,2.86,0.86,0,0
2.73,3,96.19,1.86,0.67,1,1
4.85,9,21.15,2.54,0.41,0,0
0.33,15,27.98,3.69,0.29,1,0
3.3,6,25.97,3.4,0.22,1,0
3.48,7,81.73,2.72,0.87,1,1
3.35,11,79.86,1.55,0.79,0,1
0.46,27,73.13,2.36,0.82,1,1
3.08,2,75.68,2.61,0.87,0,1
0.4,21,39.42,0.7,0.22,1,0
2.58,16,70.45,2.95,0.84,0,0
1.35,3,14.46,1.74,0.78,0,0
1.97,7,1.21,1.63,0.12,0,0
2.36,9,44.16,2.19,0.71,1,0
3.04,6,6.26,0.24,0.45,1,0
0.98,12,24.63,1.47,0.91,0,0
4.57,30,56.28,3.6,0.41,1,0
1.5,4,73.52,3.82,0.48,1,1
4.13,13,11.11,2.08,0.1,0,0
0.67,13,67.1,1.64,0.7,1,1
4.95,2,43.05,2.68,0.01,0,0
0.66,21,41.97,0.19,0.65,1,1
1.24,8,57.95,3.72,0.67,1,0
1.06,16,71.74,1.18,0.58,0,1
1.9,16,42.94,1.21,0.56,0,0
4.53,13,19.69,2.58,0.86,0,0
3.52,7,9.56,0.74,0.33,0,0
3.87,6,96.24,0.31,0.02,1,1
3.57,15,9.36,1.05,0.57,0,0
1.99,0,1.27,0.31,0.79,1,1
1.33,30,94.43,1.32,0.93,1,1
1.63,8,81.51,0.28,0.6,1,1
3.07,24,73.82,0.81,0.5,0,0
2.39,12,85.77,2.3,0.94,0,1
2.74,30,29.48,1.85,0.53,1,0
1.24,9,50.6,3.24,0.15,0,0
2.86,14,62.02,1.0,0.97,1,1
2.88,3,2.01,1.64,0.29,0,0
1.24,25,46.89,2.34,0.79,1,0
4.21,22,50.9,1.51,0.85,0,0
1.29,6,56.53,2.39,0.12,1,1
3.73,12,70.72,2.18,0.54,1,1
4.37,2,30.58,0.74,0.8,0,0
1.62,10,37.36,1.69,0.28,0,0
2.48,3,42.58,2.32,0.72,1,0
3.44,11,94.19,1.63,0.08,1,0
4.52,14,82.23,2.88,0.93,0,0
1.94,20,93.04,2.06,0.63,0,1
1.78,24,77.27,1.63,0.2,0,0
3.0,30,50.55,0.63,0.09,1,0
0.45,7,93.72,1.41,0.76,1,1
1.54,0,53.61,1.94,0.92,1,1
4.98,6,80.79,1.36,0.83,1,1
4.22,18,81.12,1.77,0.07,1,0
3.59,22,23.15,0.54,0.62,1,0
4.74,18,28.2,1.48,0.89,0,0
2.73,13,78.36,0.82,0.24,0,1
3.8,17,29.5,2.52,0.37,1,0
3.81,24,43.29,1.53,0.93,0,0
1.09,22,62.89,1.88,0.12,0,0
4.79,19,8.39,1.05,0.73,1,0
3.05,9,56.58,0.47,0.31,1,1
4.41,12,43.48,1.75,0.07,0,0
1.18,22,25.3,2.52,0.41,1,0
2.65,0,52.44,3.49,0.91,1,1
3.22,29,30.47,2.25,0.17,0,0
3.69,17,69.55,2.46,0.53,0,0
0.67,26,21.15,3.9,0.15,1,0
4.62,9,30.06,1.24,0.82,1,0
1.44,2,98.37,1.92,0.99,0,1
1.86,30,27.77,3.77,0.13,0,0
3.96,6,88.22,0.33,0.74,1,1
4.2,2,17.78,3.85,0.24,0,0
1.51,4,21.86,2.88,0.33,1,0
3.24,8,49.61,1.07,0.08,1,0
3.58,30,7.7,0.28,0.39,0,0
2.76,25,21.18,1.7,0.29,0,0
2.89,18,65.89,1.71,0.91,1,0
4.65,30,59.37,1.73,0.73,1,0
0.81,24,93.94,0.87,0.49,0,1
3.9,25,28.59,2.34,0.51,1,0
2.67,12,53.13,1.63,0.25,1,0
3.28,23,94.45,3.32,0.94,0,0
0.43,18,42.39,3.77,0.35,1,0
3.46,30,3.36,1.93,0.6,1,0
3.64,16,9.47,0.4,0.31,0,0
2.22,14,18.71,2.38,0.54,1,0
0.23,30,2.65,2.12,0.5,0,0
2.1,23,68.79,3.51,0.52,0,0
0.35,27,56.06,2.35,0.44,0,0
2.95,2,33.61,2.92,0.13,1,0
4.46,21,23.32,3.17,0.43,1,0
4.61,0,24.71,2.1,0.7,0,0
4.91,30,25.34,1.69,0.25,1,0
1.81,8,85.45,2.68,0.23,1,0
0.2,29,42.41,0.23,0.06,1,1
4.6,21,55.71,2.42,0.24,0,0
0.7,27,72.75,1.37,0.94,0,1
2.59,21,81.41,2.64,0.88,1,0
2.71,17,7.69,1.24,0.22,1,0
4.68,15,69.33,2.27,0.56,0,0
4.34,24,88.49,3.18,0.08,1,0
1.21,7,85.88,3.18,0.18,0,1
4.31,30,78.54,1.29,0.02,0,0
3.53,25,12.39,0.49,0.67,1,0
3.51,13,50.01,2.54,0.98,1,0
2.17,5,0.4,0.26,0.21,0,0
1.37,24,78.91,0.42,0.33,1,1
0.42,15,78.87,2.06,0.26,0,1
1.67,9,82.23,0.53,0.06,1,1
1.27,29,24.01,3.38,0.38,0,0
4.54,16,26.86,1.19,0.66,1,0
2.06,12,29.27,3.94,0.25,1,0
2.7,9,59.23,1.41,0.08,1,1
2.99,4,0.76,3.55,0.56,0,0
0.21,24,29.56,3.62,0.35,0,0
0.15,28,26.58,3.56,0.52,1,0
1.3,26,26.95,3.88,0.9,1,0
4.19,25,65.32,3.29,0.5,1,0
3.26,21,30.51,3.84,0.35,1,0
4.37,8,77.85,1.22,0.91,0,1
1.31,8,16.55,1.46,0.83,0,0
3.99,9,28.65,1.37,0.35,1,0
0.18,21,40.51,3.16,0.83,0,0
1.25,2,12.03,0.1,0.49,0,1
4.84,16,28.51,3.9,0.55,1,0
0.41,24,93.52,3.99,0.0,0,1
4.11,3,64.11,1.26,0.28,0,1
1.64,3,55.86,4.0,0.1,0,0
4.68,29,84.87,0.47,0.92,0,1
3.39,18,96.84,1.09,0.55,1,1
1.37,24,24.54,1.43,0.28,1,0
0.57,23,4.44,3.08,0.66,0,0
3.58,10,59.17,1.24,0.0,1,0
0.34,29,44.4,0.6,0.73,0,1
4.96,21,67.01,1.79,0.04,0,0
0.39,15,4.41,0.3,0.59,1,1
1.53,12,22.94,1.94,0.81,1,0
4.51,16,16.03,1.95,0.9,0,0
2.26,20,8.35,1.28,0.32,0,0
0.83,0,85.36,2.93,0.03,1,1
3.09,3,94.71,1.71,0.21,1,1
1.35,9,3.32,3.51,0.43,0,0
4.94,13,57.46,1.33,0.85,0,0
1.64,6,26.58,1.6,0.13,0,0
4.36,22,55.24,2.4,0.25,0,0
4.79,3,95.9,3.65,0.32,0,0
4.82,20,44.54,1.06,0.66,1,0
1.95,5,34.45,3.18,0.87,1,0
4.57,8,30.51,3.98,0.26,1,0
0.17,19,31.61,0.31,0.31,0,1
1.47,27,17.13,0.3,0.43,1,0
4.76,10,33.76,3.74,0.31,1,0
2.14,0,98.85,0.35,0.9,1,1
0.7,13,29.83,3.48,0.27,0,0
1.98,1,78.5,1.06,0.88,0,1
2.76,0,41.82,3.49,0.08,0,0
3.33,24,15.38,2.1,0.98,0,0
3.74,2,12.13,1.02,0.42,0,0
2.66,28,21.61,1.23,0.59,0,0
1.4,2,94.69,3.99,0.83,0,1
2.36,1,65.92,0.53,0.68,1,1
2.3,13,69.92,1.95,0.34,1,0
0.94,24,40.11,3.56,0.27,1,0
3.92,5,78.39,0.37,0.18,0,1
0.69,17,16.23,3.47,0.09,0,0
3.0,29,68.8,3.83,0.98,1,0
1.19,27,46.66,0.1,0.79,1,1
4.8,1,59.28,1.9,0.14,0,0
0.61,23,40.48,2.2,0.52,0,0
1.03,1,66.84,3.81,0.21,1,1
2.77,12,19.54,2.81,0.03,1,0
0.8,27,60.54,2.15,0.99,1,1
1.43,26,30.69,3.58,0.18,1,0
0.42,5,7.88,1.82,0.71,1,1
4.22,17,75.6,1.86,0.78,0,1
3.0,23,8.36,1.38,0.92,1,0
0.95,11,42.95,2.25,0.74,0,0
1.1,2,92.78,2.49,0.04,0,1
1.19,14,36.44,2.38,0.85,1,0
4.63,7,19.32,2.71,0.26,1,0
1.01,1,98.0,2.23,0.9,1,1
3.67,14,19.75,3.15,0.9,1,0
2.91,16,56.36,0.66,0.23,0,0
3.06,1,40.93,3.14,0.9,1,0
4.99,20,45.68,2.11,0.99,0,0
0.83,3,30.8,1.19,0.81,0,1
3.12,12,70.62,2.77,0.59,0,0
3.5,4,93.34,3.28,0.09,1,0
0.57,5,60.68,3.65,0.26,1,1
0.29,11,11.39,1.68,0.62,1,0
3.81,14,34.07,2.96,0.73,0,0
2.97,15,72.74,0.81,0.87,1,1
2.1,11,55.11,1.19,0.07,1,0
4.68,24,32.98,0.25,0.1,1,0
0.79,16,90.79,0.16,0.17,1,1
4.47,15,72.5,2.56,0.22,0,0
1.11,8,76.51,1.72,0.67,1,1
3.69,10,73.53,3.59,0.18,1,0
0.19,0,18.25,2.97,0.81,0,0
3.29,23,4.65,3.96,0.17,0,0
4.25,29,96.73,1.88,0.4,0,0
2.15,20,26.09,2.79,0.38,1,0
4.27,0,80.38,2.8,0.43,1,0
4.48,13,30.94,1.28,0.37,0,0
4.71,24,70.32,3.81,0.5,0,0
2.54,28,92.64,1.18,0.73,1,1
1.75,13,50.1,0.58,0.5,1,1
0.34,13,7.49,2.23,0.33,0,0
2.61,17,39.59,1.94,0.96,0,0
3.39,0,25.0,2.87,0.67,0,0
4.78,22,61.79,0.32,0.05,0,0
3.86,24,87.17,2.24,0.45,0,0
3.17,2,64.6,2.41,0.08,1,0
3.06,16,24.16,2.79,0.31,0,0
1.19,23,37.31,1.67,0.8,1,0
3.57,17,48.64,1.63,0.16,1,0
4.74,27,3.75,1.9,0.26,0,0
2.53,1,3.28,0.19,0.49,0,0
2.83,19,98.29,1.77,0.44,0,0
1.93,29,56.83,0.37,0.26,1,1
2.3,5,3.03,3.6,0.11,0,0
3.58,27,70.61,1.05,0.21,0,0
1.54,4,44.9,3.96,0.08,1,0
0.12,27,88.47,3.63,0.13,1,1
1.23,18,11.37,2.12,0.28,0,0
3.0,27,18.62,0.44,0.4,0,0
0.28,3,81.84,3.94,0.79,1,1
4.53,23,50.39,2.01,0.21,0,0
1.48,21,83.37,1.97,0.38,1,1
0.27,27,3.99,0.54,0.08,1,0
1.76,26,49.04,2.69,0.49,0,0
4.95,19,93.77,1.73,0.62,0,0
1.36,24,92.56,2.19,0.36,1,1
1.46,6,73.47,0.52,0.88,0,1
0.17,16,78.86,0.48,0.49,0,1
4.87,18,72.5,0.42,0.53,1,1
1.75,1,27.03,0.13,0.6,1,1
0.54,1,93.21,0.12,0.55,1,1
1.14,15,39.63,3.04,0.32,1,0
3.87,17,30.2,2.14,1.0,0,0
3.87,20,54.5,3.19,0.09,0,0
0.72,21,65.58,3.89,0.76,1,0
2.64,9,17.32,0.38,0.58,1,0
1.47,6,41.33,2.67,0.5,1,0
1.34,27,92.76,2.62,0.83,1,1
1.37,16,34.15,1.76,0.78,0,0
1.51,5,40.7,2.94,0.6,1,0
1.19,20,14.04,2.58,0.83,0,0
2.7,20,14.76,3.89,0.55,1,0
3.6,26,37.91,0.12,0.92,1,0
2.21,6,81.32,3.65,0.15,0,0
3.28,12,42.09,2.68,0.97,0,0
0.95,26,32.77,3.04,0.77,1,0
0.63,29,18.61,0.92,0.01,1,0
3.39,10,9.58,1.29,0.71,1,0
2.78,2,7.3,1.25,0.21,1,0
3.27,0,93.5,1.87,0.86,0,1
2.96,28,96.69,0.57,0.01,0,1
3.04,4,49.58,3.22,0.56,0,0
1.13,24,90.83,2.31,0.7,0,1
3.99,9,29.09,3.93,0.76,1,0
4.37,26,61.98,1.05,0.56,1,0
3.64,23,31.74,0.61,0.9,1,0
0.68,14,58.02,0.69,0.37,0,1
0.51,24,65.54,3.98,0.26,0,0
4.46,12,56.82,3.57,0.29,1,0
1.51,25,13.36,3.43,0.13,0,0
2.65,11,38.36,2.64,0.07,0,0
1.17,13,50.5,1.43,0.06,0,1
0.84,25,83.36,1.07,0.34,1,1
4.17,17,65.71,0.14,0.21,1,1
1.1,18,5.72,3.8,0.36,0,0
1.64,13,16.16,1.38,0.65,1,0
2.12,1,42.11,2.02,0.27,1,0
1.62,3,20.74,3.14,0.42,0,0
2.53,22,35.56,3.44,0.19,1,0
4.13,2,51.82,1.18,0.82,0,1
3.9,1,33.31,0.82,0.14,0,0
2.67,19,77.81,0.89,0.2,1,1
4.91,18,2.64,0.14,0.98,1,0
4.88,16,12.38,1.62,0.49,1,0
1.9,24,53.32,0.6,0.49,1,0
1.17,22,37.2,1.5,1.0,0,0
4.33,2,51.71,1.12,0.01,0,1
0.83,11,64.31,1.79,0.13,1,0
1.14,22,80.95,3.72,0.1,0,0
1.74,4,96.65,0.49,0.16,0,1
0.22,1,67.1,0.12,0.92,0,1
4.64,8,70.66,2.71,0.52,1,0
1.55,19,28.75,1.74,0.49,0,0
0.37,19,53.57,1.19,0.04,1,1
0.75,4,84.84,1.67,0.48,0,1
0.22,23,82.16,1.53,0.76,1,1
0.44,23,17.53,1.27,0.59,1,0
4.17,17,19.13,2.29,0.34,0,0
3.86,11,62.29,3.49,0.04,1,0
3.89,0,94.6,2.76,0.39,0,0
2.25,5,85.62,2.5,0.39,1,1
2.23,19,72.04,0.89,0.1,1,1
1.17,11,8.35,0.4,0.27,1,0
1.08,18,13.46,3.31,0.84,1,0
1.46,26,21.05,3.55,0.27,0,0
3.53,19,64.79,2.5,0.56,1,0
3.62,17,90.79,0.55,0.22,0,1
1.94,22,44.39,3.83,0.51,1,0
2.2,19,90.91,2.62,0.86,1,1
1.51,16,11.86,1.45,0.45,1,0
3.66,30,48.55,0.41,0.55,1,0
4.74,6,75.92,3.75,0.82,1,1
4.71,10,59.99,0.82,0.28,0,0
2.99,15,46.07,2.9,0.28,1,0
3.51,22,11.75,3.58,0.71,1,0
3.05,20,26.28,1.05,0.75,0,0
4.65,2,0.89,2.53,0.73,0,0
2.17,5,68.74,0.5,0.74,0,1
1.38,23,18.61,3.1,0.87,0,0
4.96,28,21.33,2.44,0.63,0,0
2.12,8,18.48,3.87,0.22,1,0
2.37,3,2.06,1.18,0.89,1,0
1.75,5,84.56,2.25,0.68,0,1
4.11,15,67.61,3.66,0.23,0,0
4.67,23,92.58,1.96,0.29,1,0
3.15,19,39.32,2.66,0.3,0,0
1.27,27,63.96,1.43,0.85,1,1
1.83,20,94.32,2.94,0.39,1,0
0.57,9,52.0,0.52,0.1,1,1
0.69,1,9.89,4.0,0.14,0,0
1.16,27,15.87,1.82,0.9,0,0
2.58,3,90.33,1.78,0.08,1,1
0.58,13,19.51,1.41,0.29,1,0
2.96,27,71.5,1.75,0.25,0,0
3.52,15,12.92,3.48,0.24,1,0
0.35,12,33.8,0.81,0.35,1,1
3.69,21,9.07,3.71,0.68,1,0
1.11,16,94.2,1.13,0.32,1,1
1.44,19,99.4,2.02,0.8,0,1
0.42,12,61.87,1.35,0.01,1,1
2.56,8,34.94,1.18,0.33,0,0
0.89,2,9.82,0.45,0.36,1,1
0.54,11,2.03,1.36,0.12,0,0
2.91,25,8.85,0.64,0.34,0,0
3.17,4,61.43,3.58,0.25,1,0
1.46,14,72.65,3.97,0.8,1,1
2.93,12,91.04,1.86,0.53,0,1
2.38,11,94.71,3.84,0.75,0,0
4.44,11,77.54,2.57,0.74,1,0
3.3,25,87.28,3.86,0.89,0,0
4.04,20,8.13,1.7,0.81,1,0
0.25,5,31.55,0.72,0.65,0,1
4.73,25,68.25,2.62,0.58,0,0
2.48,10,23.98,1.49,0.68,0,0
0.18,29,89.22,1.47,0.72,1,1
2.13,5,87.69,1.76,0.54,0,1
2.0,2,44.86,0.58,0.91,1,1
1.03,9,99.75,3.08,0.39,0,1
3.55,0,31.16,3.2,0.55,0,0
1.51,11,84.69,3.21,0.19,1,0
3.73,14,32.42,3.83,0.43,1,0
4.23,6,27.31,1.34,0.92,1,0
2.43,16,92.81,2.26,0.95,0,1
4.04,8,20.15,0.15,0.56,0,0
1.17,30,15.97,3.44,0.13,1,0
4.23,0,18.15,3.92,0.2,0,0
2.74,1,37.7,0.48,0.42,1,1
3.06,13,81.54,2.07,0.63,0,0
0.13,4,79.26,2.29,0.82,1,1
2.02,14,93.74,0.34,0.77,1,1
1.49,18,69.87,1.64,0.69,0,0
2.61,19,86.38,2.23,0.73,1,1
3.95,15,21.85,3.06,0.46,0,0
0.59,10,28.3,0.66,0.63,1,0
2.54,23,16.49,0.69,0.85,0,0
1.98,23,15.37,3.44,0.67,1,0
3.87,26,5.67,3.31,0.38,0,0
3.22,12,95.18,3.01,0.24,0,0
0.11,27,40.02,1.04,0.77,1,1
3.43,10,76.35,3.2,0.27,1,0
1.5,29,43.7,3.2,0.58,1,0
2.53,30,92.09,2.8,0.24,1,0
3.36,8,92.46,2.8,0.99,0,0
4.76,21,24.99,1.37,0.67,1,0
3.95,18,63.28,2.46,0.39,1,0
1.9,10,37.85,2.8,0.44,1,0
3.08,21,20.46,3.58,0.13,1,0
2.94,22,38.13,3.44,0.03,1,0
4.86,4,30.23,0.88,0.68,1,0
4.13,18,93.41,0.67,0.67,1,1
3.59,27,41.13,1.47,0.84,0,0
2.14,5,37.15,1.65,0.12,0,0
1.05,17,49.59,1.48,0.22,0,0
4.42,21,86.3,2.71,0.48,1,0
4.23,12,31.63,3.94,0.22,0,0
2.9,4,24.22,2.07,0.71,0,0
1.13,15,91.38,1.35,0.19,1,1
3.63,6,39.31,0.55,0.14,0,0
3.61,12,79.97,3.48,0.19,0,0
3.48,30,92.37,3.89,0.95,1,0
0.27,3,83.78,2.09,0.84,1,1
1.48,18,20.58,3.16,0.97,0,0
2.51,23,78.86,3.4,0.98,1,0
2.45,12,31.64,3.68,0.99,1,0
2.09,11,29.6,1.71,0.85,1,0
4.98,0,98.6,2.1,0.39,0,1
1.99,15,67.07,1.63,0.57,0,0
2.8,0,32.24,2.12,0.77,0,0
0.27,25,80.05,1.5,0.07,1,1
1.91,14,92.5,3.51,0.74,1,1
4.62,19,79.57,3.83,0.62,1,0
0.44,16,80.14,0.18,0.33,0,1
4.31,3,62.67,1.64,0.86,1,1
2.22,6,53.8,3.07,0.49,1,0
0.19,0,17.83,0.35,0.8,1,1
2.64,2,35.34,3.47,0.08,1,0
2.48,22,87.55,3.18,0.82,0,0
1.07,13,57.71,1.87,0.99,0,1
1.8,19,31.91,1.38,0.52,1,0
2.51,27,88.53,2.17,0.12,1,0
0.6,4,50.25,1.47,0.42,0,1
0.78,2,8.73,1.75,0.97,1,0
1.02,9,21.12,1.37,0.31,1,0
0.26,26,86.19,2.3,0.51,0,1
1.21,30,18.59,1.47,0.16,0,0
2.66,10,58.58,3.87,0.99,0,0
0.11,13,82.47,0.22,0.96,1,1
0.55,3,82.95,3.67,0.86,0,1
4.46,21,79.89,3.54,0.65,1,0
3.36,26,40.96,3.74,0.32,1,0
1.86,1,27.63,2.77,0.77,1,0
1.06,15,77.43,0.48,0.14,0,1
1.62,25,55.06,1.39,0.82,0,0
4.95,2,25.67,2.1,0.89,1,0
1.75,30,28.57,3.26,0.2,0,0
4.37,22,88.46,3.1,0.81,1,0
3.89,0,85.56,3.39,0.06,0,0
0.8,6,41.54,2.06,0.24,1,0
3.64,17,72.49,3.53,0.27,1,0
3.26,27,86.98,1.01,0.02,1,0
3.79,9,64.89,1.67,0.59,1,0
0.62,25,65.98,0.11,0.24,1,1
2.2,26,70.34,1.62,0.03,0,0
4.35,4,74.64,2.76,0.19,0,0
4.01,2,62.25,3.54,0.35,1,0
4.45,22,11.79,2.01,0.09,1,0
3.71,15,48.24,3.91,0.31,1,0
1.95,30,71.29,0.27,0.21,0,1
1.7,20,86.17,1.05,0.66,1,1
0.73,1,44.95,3.4,0.05,1,0
3.05,19,29.68,2.88,0.99,0,0
1.16,16,72.92,1.1,0.1,0,1
3.19,26,96.43,0.9,0.84,0,1
3.38,11,24.42,2.6,0.9,1,0
0.13,11,73.88,0.18,0.46,1,1
4.14,0,39.0,3.67,0.05,1,0
4.19,15,4.1,3.52,0.16,1,0
1.98,22,8.17,1.97,0.97,1,0
0.45,9,80.44,2.13,0.73,1,1
4.71,12,0.61,0.24,0.94,0,0
3.11,5,67.42,1.14,0.49,1,1
1.03,11,95.6,3.24,0.52,0,1
1.69,23,67.64,2.86,0.83,0,0
3.19,25,72.91,0.87,0.27,0,0
3.28,20,12.26,2.69,0.15,1,0
1.53,21,55.04,1.85,0.77,0,0
2.02,25,60.07,1.05,0.72,1,1
0.73,24,96.85,0.7,0.54,0,1
0.59,21,34.11,2.76,0.2,0,0
0.71,3,59.88,2.09,0.68,0,1
1.81,24,84.32,0.31,0.26,1,1
2.77,16,65.91,1.11,0.76,0,1
3.07,3,8.92,0.44,0.17,1,0
2.28,4,98.36,3.98,0.48,0,1
3.9,11,37.55,0.6,0.76,1,0
2.89,21,15.3,1.8,0.36,1,0
3.8,21,90.83,2.31,0.61,0,0
3.41,19,56.71,0.39,0.26,1,1
3.76,5,43.26,4.0,0.79,0,0
4.09,0,95.91,2.86,0.43,1,0
1.21,7,33.05,3.24,0.19,0,0
0.25,5,25.4,1.01,0.57,1,1
2.95,8,20.16,3.57,0.8,0,0
0.13,19,74.32,0.96,0.19,0,1
0.32,27,22.48,3.4,0.34,1,0
0.49,11,91.66,0.4,0.81,0,1
4.06,22,68.37,3.7,0.85,1,0
0.31,18,8.6,3.96,0.52,0,0
2.9,7,10.95,0.4,0.52,1,0
3.35,7,93.81,2.66,0.24,0,0
2.67,6,27.58,0.38,0.75,0,0
0.76,5,46.43,2.5,0.5,1,1
0.73,11,83.64,1.62,0.25,1,1
4.64,24,59.94,2.23,0.24,1,0
0.73,18,99.28,3.81,0.2,1,1
0.65,23,15.24,3.19,0.38,1,0
1.56,19,26.29,3.11,0.65,0,0
2.29,16,81.43,1.18,0.14,0,1
2.3,22,53.0,3.0,0.64,1,0
4.75,18,66.3,3.12,0.6,1,0
1.95,18,19.38,2.73,0.05,0,0
3.56,14,70.4,1.46,0.26,0,1
2.68,3,6.0,1.25,0.96,0,0
4.94,22,80.96,2.96,0.73,1,0
0.46,30,35.77,2.73,0.77,0,0
4.6,4,61.61,2.33,0.68,1,1
1.56,6,68.14,2.81,0.72,1,0
3.66,21,76.92,2.37,0.01,0,0
0.69,11,98.24,1.39,0.53,0,1
2.13,2,19.7,1.66,0.34,1,0
1.25,25,19.31,3.31,0.38,1,0
3.27,1,75.88,2.78,0.15,1,0
2.49,25,48.23,2.1,0.21,0,0
2.01,25,84.98,3.66,0.8,0,0
1.44,26,83.39,1.21,0.67,0,1
2.2,18,0.44,3.12,0.93,1,0
3.91,24,49.34,1.28,0.47,1,0
3.44,8,72.32,3.35,0.88,1,1
4.18,11,38.12,2.6,0.66,0,0
2.32,2,39.35,2.0,0.86,1,0
2.19,10,75.09,3.77,0.38,0,0
3.26,6,68.8,2.01,0.3,1,0
4.62,7,15.25,0.29,0.89,0,0
0.65,10,18.11,0.67,0.99,0,0
0.84,30,12.34,1.76,0.85,1,0
4.64,29,61.88,0.69,0.77,1,0
1.04,6,86.81,4.0,0.5,0,1
4.23,12,29.61,2.69,0.54,0,0
2.09,28,70.43,1.05,0.99,1,1
1.58,19,94.92,3.16,0.93,0,0
3.62,15,45.39,3.14,0.1,0,0
4.41,30,59.23,3.49,0.03,0,0
0.83,5,18.3,3.58,0.58,1,0
2.94,14,71.58,1.83,0.61,0,1
1.8,22,63.02,1.21,0.62,0,0
4.74,29,11.22,0.83,0.85,0,0
4.22,27,11.23,3.02,0.46,0,0
4.5,30,33.43,3.45,0.45,0,0
1.69,21,46.02,3.58,0.1,1,0
3.67,4,85.96,0.96,0.22,0,1
0.92,29,20.36,0.44,0.36,1,0
4.22,18,63.46,2.13,0.36,1,0
0.5,18,96.23,1.75,0.39,0,1
0.56,23,43.25,1.36,0.53,1,0
3.57,8,48.59,3.26,0.37,1,0
2.25,12,72.49,1.82,0.05,1,1
4.27,16,79.55,1.63,0.03,1,0
3.53,7,21.04,1.47,0.39,1,0
2.2,26,52.58,3.63,0.07,1,0
0.77,10,96.54,2.3,0.51,0,1
1.23,2,72.37,0.5,0.99,0,1
0.3,6,84.69,1.79,0.74,1,1
4.65,6,86.53,1.35,0.61,1,1
1.68,3,23.66,1.37,0.96,0,0
1.48,22,45.86,1.66,0.76,1,0
0.2,21,42.21,0.91,0.99,0,1
1.4,18,96.94,2.72,0.46,0,0
3.17,25,37.03,3.76,0.08,1,0
3.12,0,6.74,2.92,0.4,1,0
2.63,0,11.18,0.84,0.45,0,0
3.69,3,34.74,0.95,0.1,1,0
1.18,14,91.28,1.65,0.14,1,1
1.65,4,94.73,3.84,0.05,1,1
1.4,28,13.13,2.95,0.19,0,0
2.81,23,56.07,1.7,0.5,0,0
2.12,21,70.72,1.34,0.23,0,1
0.28,29,56.4,3.38,0.71,0,0
3.99,10,72.14,2.16,0.73,0,1
0.36,20,18.44,0.37,0.36,1,1
0.49,20,38.76,3.27,0.65,1,0
0.84,17,54.78,1.39,0.29,1,1
1.83,26,46.08,1.85,0.76,0,0
3.22,2,37.58,3.48,0.33,1,0
3.49,14,26.62,1.42,0.69,1,0
1.9,28,47.24,2.95,0.51,1,0
1.76,26,97.91,1.46,0.17,0,1
0.42,25,63.59,0.76,0.01,1,1
3.18,6,17.72,3.69,0.47,0,0
1.57,18,33.88,1.43,0.21,0,0
1.55,5,60.19,1.0,0.99,1,1
3.7,5,9.81,0.35,0.56,0,0
4.18,9,9.37,3.43,0.03,1,0
1.29,20,78.96,1.28,0.09,1,1
2.68,9,8.4,1.54,0.44,1,0
0.22,8,76.94,1.46,0.05,0,1
4.52,25,13.62,0.71,0.72,0,0
2.41,22,62.55,3.4,0.74,0,0
0.36,21,75.77,3.96,0.68,1,1
3.29,5,41.56,3.09,0.15,1,0
1.61,6,34.87,1.05,0.31,1,0
1.27,0,64.3,0.25,0.55,0,1
4.38,10,44.08,3.08,0.62,0,0
1.61,6,87.17,2.53,0.89,1,1
3.26,25,7.45,2.65,0.77,1,0
4.21,18,67.55,1.73,0.45,0,0
2.85,7,20.7,3.1,0.91,1,0
3.72,17,88.51,0.57,0.55,0,1
1.62,27,8.47,1.4,0.69,0,0
4.37,17,37.89,2.0,0.42,0,0
4.26,19,20.69,1.94,0.09,0,0
0.49,20,55.04,0.82,0.19,1,1
4.48,1,88.43,0.27,0.95,1,1
2.97,4,71.47,2.56,0.17,1,1
1.44,21,82.18,3.01,0.33,1,0
1.57,13,57.86,3.07,0.19,0,0
3.22,29,10.65,2.46,0.51,0,0
0.85,15,10.34,2.38,0.62,0,0
0.7,26,77.79,3.21,0.13,0,0
0.56,14,2.77,2.07,0.63,0,0
0.58,15,52.18,3.28,0.32,0,0
4.27,2,94.48,1.97,0.69,1,1
1.57,12,96.19,3.76,0.87,0,0
2.26,6,23.22,0.34,0.55,1,0
0.26,26,85.46,1.95,0.76,1,1
3.57,1,33.99,2.9,0.72,0,0
3.03,9,23.69,3.46,0.46,1,0
1.83,22,73.53,3.09,0.3,0,0
4.11,7,83.87,3.8,0.37,1,0
4.18,9,92.04,0.79,0.5,1,1
4.5,29,72.22,1.78,0.2,0,0
1.6,4,59.52,1.46,0.85,0,1
4.61,12,74.49,3.57,0.63,0,0
2.76,27,32.5,2.57,0.68,0,0
2.74,28,59.06,3.16,0.54,0,0
1.44,16,80.43,1.41,0.04,0,1
2.16,11,71.06,3.29,0.36,0,0
1.68,24,7.3,1.7,0.53,0,0
1.12,10,50.44,3.89,0.81,0,0
3.64,15,18.46,1.82,0.5,1,0
1.0,23,65.73,2.09,0.41,1,0
0.13,4,55.11,3.08,0.72,0,1
0.78,17,75.97,1.93,0.54,0,1
3.17,18,4.08,1.42,0.32,0,0
1.73,22,26.79,0.19,0.72,0,0
1.11,0,42.72,1.56,0.32,0,0
1.31,27,5.79,1.85,0.91,0,0
4.08,29,36.43,1.88,0.59,1,0
3.88,8,57.43,2.9,0.7,0,0
4.96,0,63.64,3.17,0.45,1,0
0.28,18,98.47,1.03,0.07,1,1
3.88,16,93.12,0.66,0.11,0,1
4.43,2,13.73,2.87,0.88,0,0
1.92,26,6.52,0.75,0.43,1,0
2.13,5,98.31,3.8,0.2,1,1
3.48,23,87.74,0.19,0.44,1,1
1.64,6,14.59,2.05,0.6,0,0
1.35,12,7.73,3.13,0.44,0,0
4.15,0,13.61,2.99,0.68,1,0
4.26,1,13.43,2.48,0.2,1,0
1.32,20,83.02,3.71,0.03,1,1
0.87,1,15.83,3.3,0.17,1,0
3.36,26,81.22,3.6,0.46,1,0
1.66,15,36.78,0.83,0.51,0,0
2.04,10,78.71,3.7,0.28,1,0
2.61,25,51.03,0.46,0.9,1,1
3.98,18,58.55,3.96,0.7,0,0
1.14,16,78.1,1.49,0.7,0,1
0.33,2,49.32,1.11,0.67,0,1
0.1,24,60.13,3.86,0.24,1,0
1.8,30,36.71,2.54,0.44,0,0
3.41,12,6.37,2.63,0.62,0,0
0.29,3,51.3,1.45,0.78,1,1
1.12,0,22.9,3.39,0.58,1,0
0.88,19,13.94,2.84,0.28,1,0
2.72,14,13.61,0.75,0.04,1,0
4.52,7,74.58,3.79,0.34,0,0
2.14,26,12.66,3.47,0.57,0,0
1.26,1,15.94,2.29,0.12,0,0
4.16,8,24.55,3.73,0.62,1,0
2.73,6,44.28,3.2,0.37,0,0
3.1,12,62.28,1.54,0.53,0,0
4.6,6,49.3,1.07,0.01,1,0
0.91,28,2.4,2.34,0.22,1,0
4.5,1,3.44,2.78,0.46,0,0
4.83,28,27.71,0.11,0.79,0,0
0.47,20,92.59,1.83,0.18,1,1
2.09,13,81.3,2.9,0.3,1,0
0.71,29,52.31,2.03,0.43,0,0
3.06,29,54.19,0.27,0.72,0,1
1.63,27,37.63,0.45,0.38,0,0
3.13,5,19.78,3.84,0.42,1,0
3.83,26,97.67,0.81,0.21,1,0
0.45,15,2.06,1.19,0.16,0,0
1.69,4,20.1,1.92,0.53,1,0
0.97,27,52.63,3.04,0.0,0,0
4.92,11,32.26,2.95,0.19,0,0
4.77,16,12.47,3.95,0.45,1,0
2.46,8,80.37,2.5,0.99,1,1
0.56,2,30.3,1.99,0.87,0,1
2.31,10,24.44,1.19,0.73,0,0
3.92,20,61.07,0.76,0.79,0,0
3.55,28,88.19,1.26,0.22,0,0
4.56,28,6.02,0.92,0.11,0,0
2.92,21,41.22,0.78,0.86,0,0
2.34,30,62.32,0.77,0.81,0,0
4.68,22,6.31,3.26,0.18,1,0
1.97,21,95.75,2.3,0.24,0,0
2.78,11,43.88,0.54,0.64,1,0
0.29,23,39.22,1.39,0.15,0,0
3.36,28,60.31,2.51,0.88,0,0
4.05,2,10.13,0.49,0.52,1,0
1.18,10,43.14,2.11,0.06,1,0
0.69,2,72.17,2.11,0.17,0,1
1.27,24,70.39,1.96,0.8,1,1
1.31,4,55.93,0.87,0.36,0,1
0.56,14,46.78,0.49,0.12,0,1
1.84,16,54.06,3.29,0.51,0,0
1.15,30,9.87,2.26,0.5,1,0
3.29,25,33.77,2.97,0.97,0,0
2.97,19,0.2,0.68,0.37,0,0
4.9,24,97.83,0.24,0.42,1,1
1.64,19,7.0,2.62,0.68,0,0
2.82,30,95.98,0.31,0.77,1,1
4.26,28,49.59,1.45,0.28,1,0
3.42,3,28.39,0.93,0.82,0,0
3.38,11,95.6,3.47,0.95,0,0
3.54,14,53.59,3.29,0.69,0,0
0.6,29,42.53,0.72,0.06,0,0
0.87,0,60.65,3.42,0.13,1,1
2.54,20,67.35,0.37,0.85,0,1
4.6,22,42.89,1.58,0.93,0,0
2.96,16,90.11,2.43,0.14,0,0
0.78,25,75.02,0.94,0.62,1,1
0.77,1,81.52,0.91,0.36,1,1
1.35,11,64.27,0.15,0.46,1,1
1.62,5,80.58,3.93,0.53,0,1
3.93,19,58.19,1.43,0.19,0,0
3.35,0,76.81,2.76,0.77,0,1
3.63,15,12.54,1.8,0.38,0,0
3.44,27,30.01,1.38,0.26,0,0
0.19,14,99.99,0.3,0.9,0,1
1.06,30,15.12,0.24,0.78,0,0
0.61,11,83.11,2.57,0.24,0,0
3.25,7,83.2,0.42,0.39,0,1
4.08,3,87.1,1.61,0.2,0,1
3.31,28,11.03,2.09,0.79,1,0
2.44,17,91.26,2.76,0.92,0,0
4.12,21,14.42,0.52,0.71,0,0
0.4,10,17.72,1.82,0.99,0,0
4.36,30,89.32,2.51,0.79,0,0
2.07,27,41.96,1.75,0.72,1,0
2.13,21,10.81,2.67,0.18,1,0
3.52,22,33.6,2.32,0.37,0,0
3.65,27,80.0,1.11,0.95,1,1
2.34,5,6.17,1.56,0.31,1,0
3.55,19,13.3,2.63,0.49,1,0
3.99,8,31.6,3.04,0.35,1,0
2.73,21,71.74,0.54,0.1,0,1
3.96,3,74.9,3.26,0.04,0,0
3.65,24,0.49,1.44,0.7,0,0
1.79,16,98.41,1.72,0.27,1,1
3.43,24,19.54,1.22,0.13,1,0
1.11,24,74.11,3.72,0.77,0,0
2.99,5,58.91,0.96,0.3,1,1
1.81,23,15.6,2.82,0.48,1,0
2.8,11,92.35,1.3,0.57,1,1
0.77,23,50.73,0.42,0.8,0,1
2.27,21,81.78,2.51,0.13,1,0
3.82,26,56.61,3.29,0.97,0,0
4.96,18,64.33,0.98,0.16,0,0
3.03,8,95.84,3.33,0.71,0,0
2.28,17,66.9,1.05,0.92,1,1
1.3,9,57.9,1.81,0.84,0,1
2.73,28,49.87,2.92,0.98,0,0
3.13,16,19.91,0.94,0.4,1,0
4.96,8,75.68,0.64,0.29,0,1
1.01,13,99.05,3.91,0.93,1,1
4.8,22,7.54,2.4,0.94,0,0
2.74,9,5.5,3.89,0.49,0,0
4.56,23,34.73,3.97,0.7,0,0
3.08,11,81.89,0.26,0.95,0,1
3.78,9,25.61,2.74,0.58,1,0
1.29,11,38.11,3.96,0.76,0,0
2.31,15,96.17,0.76,0.8,1,1
4.21,2,34.85,0.57,0.17,1,0
1.06,28,70.13,2.28,0.64,0,1
2.1,17,32.63,0.43,0.64,1,1
2.92,21,68.95,0.48,0.09,0,1
4.5,30,18.6,0.85,0.78,1,0
4.98,6,64.9,2.52,0.95,1,0
0.73,7,5.54,2.41,0.62,0,0
4.15,24,20.19,3.08,0.23,0,0
2.7,10,80.45,2.69,0.2,0,0
1.24,30,72.11,3.17,0.89,1,1
3.52,3,96.48,2.27,0.19,1,1
0.46,28,59.75,1.65,0.32,1,1
1.58,22,82.61,2.58,0.92,0,0
1.83,1,15.4,1.31,0.73,0,0
0.72,1,70.44,0.55,0.12,0,1
1.06,23,41.77,3.28,0.26,0,0
3.61,23,97.57,0.21,0.67,0,1
0.35,12,52.75,3.17,0.7,1,1
0.4,24,5.76,3.0,0.59,0,0
0.29,3,11.29,1.47,0.44,0,1
2.66,14,18.98,0.43,0.49,0,0
0.21,27,47.61,2.29,0.81,1,0
0.58,9,54.35,0.42,0.5,0,1
2.14,9,13.79,2.36,0.95,1,0
1.41,19,26.3,0.84,0.35,0,0
2.69,10,79.05,0.59,0.06,1,1
3.28,22,58.72,0.26,0.09,1,0
4.8,18,57.18,2.37,0.74,1,0
0.36,29,52.41,3.78,0.64,1,0
1.4,11,4.11,0.95,0.46,0,0
2.26,22,47.28,1.42,0.02,1,0
4.71,19,0.95,0.82,0.42,1,0
2.57,24,31.56,2.95,0.83,0,0
3.27,4,79.35,1.34,0.51,1,1
0.32,5,51.42,2.02,0.58,0,1
2.39,26,82.1,2.45,0.22,1,0
3.44,5,11.13,0.15,0.23,1,0
2.07,15,87.27,3.8,0.94,1,1
0.27,5,78.6,1.94,0.55,0,1
1.4,27,30.08,1.63,0.26,0,0
2.91,24,61.02,2.1,0.66,0,0
2.97,1,58.62,3.98,0.7,0,0
4.53,8,56.32,2.74,0.05,0,0
4.66,20,71.13,1.3,0.31,0,1
4.98,10,52.45,2.91,0.17,0,0
1.02,10,59.37,1.98,0.94,1,1
3.69,20,56.71,3.81,0.74,1,0
4.15,2,23.29,3.37,0.83,0,0
1.84,3,79.6,2.35,0.28,1,1
0.71,6,41.4,3.67,0.53,1,0
2.51,8,0.88,1.12,0.02,0,0
4.52,30,47.36,3.31,0.69,1,0
4.93,14,17.71,3.24,0.99,0,0
0.45,18,54.07,3.79,0.79,0,1
3.98,19,22.97,3.34,0.07,0,0
2.87,25,74.98,2.01,0.63,1,1
1.85,26,55.06,3.8,0.97,0,0
2.08,15,59.1,0.77,0.64,1,1
2.23,4,10.34,0.58,0.25,0,0
1.02,9,4.82,1.18,0.05,1,0
0.75,7,75.69,1.84,0.68,0,1
1.11,10,28.14,1.34,0.77,1,0
2.21,14,9.09,3.76,0.88,1,0
3.02,12,49.55,3.76,0.17,0,0
1.83,8,70.45,0.36,0.39,0,1
3.36,0,33.55,1.7,0.85,1,0
2.1,6,38.74,2.77,0.35,1,0
0.62,15,82.2,0.13,0.11,0,1
2.51,17,33.34,0.15,0.24,0,0
1.48,30,14.33,2.86,0.4,1,0
0.59,6,11.73,3.54,0.52,1,0
2.52,9,1.96,2.52,0.9,1,0
1.45,22,14.13,1.86,0.08,1,0
1.23,4,82.03,0.27,0.85,0,1
4.87,11,57.6,0.52,0.97,0,0
4.12,25,40.25,0.46,0.69,0,0
1.08,14,11.24,2.18,0.43,1,0
3.15,19,93.01,2.27,0.63,0,0
3.4,8,3.64,0.52,0.66,1,0
3.5,2,4.88,2.5,0.84,1,0
2.4,15,53.04,1.32,0.57,0,0
0.21,3,5.65,0.69,0.62,1,1
3.7,2,50.46,1.15,0.92,1,1
4.78,19,54.06,1.91,0.37,1,0
3.82,11,78.84,3.0,0.22,0,0
3.41,20,54.91,3.02,0.08,1,0
4.54,5,12.46,2.67,0.8,1,0
3.79,26,24.28,0.22,0.55,1,0
4.46,4,49.36,3.37,0.56,1,0
3.64,1,53.38,0.29,0.92,0,1
0.84,5,77.43,3.36,0.65,1,1
1.11,12,35.12,1.84,0.65,1,0
3.3,16,35.15,3.52,0.41,1,0
0.24,0,12.27,0.17,0.88,0,1
1.85,13,1.66,3.95,0.76,1,0
0.24,6,85.67,2.67,0.31,0,1
4.35,9,34.83,3.79,0.89,0,0
4.19,30,74.08,1.73,0.43,1,0
3.2,7,85.5,1.37,0.4,1,1
1.14,17,49.02,0.73,0.05,0,0
0.6,13,61.45,0.84,0.7,1,1
4.59,8,56.19,2.44,0.4,0,0
3.84,13,90.67,2.27,0.09,0,0
2.38,4,14.94,2.03,0.34,1,0
0.76,23,82.87,3.74,0.16,1,0
4.12,11,81.36,3.9,0.78,0,0
4.14,18,91.47,0.12,0.63,1,1
1.9,10,47.24,0.66,0.58,0,0
2.85,3,94.4,1.35,0.23,1,1
1.99,15,47.54,0.53,0.52,1,0
4.14,7,20.22,1.4,0.87,0,0
2.3,10,60.21,1.77,0.54,0,0
3.61,18,48.94,2.36,0.55,1,0
4.22,27,15.65,1.82,0.68,0,0
0.16,26,61.06,0.49,0.39,0,1
3.23,23,13.48,3.08,0.99,0,0
4.82,1,72.47,3.59,0.45,1,0
0.92,6,88.05,0.13,0.72,0,1
2.28,18,58.61,1.83,0.13,0,0
1.37,17,63.23,1.07,0.4,1,1
4.9,25,44.33,1.07,0.08,0,0
1.26,15,92.13,0.3,0.47,1,1
1.26,11,11.11,3.24,0.01,0,0
0.65,0,92.45,2.51,0.59,0,1
3.35,14,31.58,0.33,0.01,0,0
3.54,11,48.46,0.41,0.85,1,1
3.53,28,21.12,3.22,0.99,0,0
2.13,22,3.97,1.24,0.82,1,0
2.39,8,95.55,3.06,0.52,1,1
3.61,19,36.07,2.15,0.23,1,0
0.38,1,20.61,0.91,0.26,0,1
1.37,24,68.68,0.74,0.78,0,1
4.19,11,64.28,3.73,0.29,0,0
3.04,17,2.43,0.51,0.46,0,0
0.66,1,65.55,0.44,0.24,0,1
4.0,10,22.5,2.06,0.49,1,0
2.8,26,97.74,2.22,0.99,1,1
2.55,8,6.88,1.43,0.6,1,0
3.24,29,40.78,2.23,0.12,0,0
0.12,27,57.46,2.01,0.92,0,1
1.89,0,73.4,1.62,0.04,0,1
2.79,14,47.53,2.24,0.43,1,0
4.25,24,41.56,2.32,0.66,0,0
1.73,22,54.39,1.59,0.35,1,0
3.98,16,53.39,1.46,0.34,0,0
3.34,10,44.34,3.82,0.13,1,0
0.16,24,24.94,2.63,0.66,0,0
4.03,11,68.32,3.36,0.49,1,0
3.78,23,35.27,3.24,0.35,0,0
3.45,19,79.58,0.22,0.56,0,1
0.79,1,17.51,1.15,0.94,0,0
0.45,15,7.26,0.21,0.36,1,1
3.7,6,26.42,1.29,0.49,1,0
0.74,6,38.05,1.46,0.19,1,1
0.83,1,2.84,3.69,0.71,0,0
4.25,9,27.14,0.16,0.61,1,0
1.2,13,90.11,2.46,0.57,1,1
3.65,23,67.55,3.63,0.73,0,0
4.66,15,49.51,0.78,0.2,0,0
3.88,3,35.32,3.85,0.29,1,0
2.19,18,86.87,0.92,0.65,0,1
3.82,17,14.84,2.65,0.96,0,0
4.27,19,78.83,2.89,0.75,1,0
1.3,18,97.19,3.81,0.31,0,0
2.38,21,69.25,3.08,0.58,1,0
3.9,7,81.35,1.23,0.32,0,1
0.75,27,52.98,0.99,0.83,0,1
4.43,8,84.78,2.39,0.87,1,1
4.63,8,84.44,2.43,0.08,1,1
0.56,5,89.5,3.76,0.69,1,1
2.52,21,65.77,0.45,0.65,1,1
2.27,13,92.22,1.85,0.15,0,0
4.78,12,78.23,0.56,0.9,1,1
3.43,3,38.07,3.76,0.55,0,0
3.08,11,34.41,3.96,0.75,0,0
0.78,16,32.79,3.03,0.69,1,0
3.38,7,85.63,3.43,0.45,0,0
3.67,0,95.31,0.88,0.37,1,1
0.59,15,68.05,2.69,1.0,1,0
3.35,1,46.02,3.48,0.46,0,0
4.23,4,96.36,2.71,0.84,0,1
4.24,12,11.97,1.07,0.91,0,0
4.67,18,94.05,2.82,0.1,1,0
0.49,9,73.73,0.33,0.25,0,1
0.99,14,29.09,3.41,0.43,0,0
0.25,28,60.24,3.47,0.38,0,0
2.87,25,50.66,1.7,0.66,0,0
2.39,10,65.3,0.66,0.8,1,1
0.56,19,83.28,2.88,0.14,0,0
4.77,8,5.54,2.04,0.08,0,0
3.5,25,69.16,2.84,0.42,0,0
1.11,24,18.48,1.46,0.0,0,0
4.92,30,55.45,3.36,0.32,0,0
3.14,12,41.54,0.25,0.37,0,0
4.47,1,22.45,3.73,0.28,1,0
4.15,13,72.4,1.72,0.26,1,0
0.93,16,29.63,1.0,0.53,1,0
0.38,16,59.76,2.4,0.21,0,1
0.36,0,7.59,3.25,0.51,1,0
0.65,5,81.32,1.65,0.41,0,1
3.83,3,81.15,0.92,0.39,1,1
1.44,27,61.93,2.84,0.57,0,0
4.38,28,35.48,2.18,0.21,1,0
0.88,21,18.67,1.12,0.78,0,0
2.08,26,7.27,1.74,0.45,1,0
0.34,13,94.57,0.41,0.92,1,1
4.65,20,16.36,2.86,0.83,1,0
3.96,2,3.98,2.75,0.98,1,0
0.31,11,92.11,1.62,0.17,1,1
0.72,18,19.01,3.34,0.79,0,0
3.26,12,69.02,3.75,0.99,0,0
2.48,28,33.04,1.31,0.75,0,0
0.54,20,83.21,0.21,0.07,0,1
2.75,26,83.35,1.0,0.2,1,1
4.3,9,27.69,3.36,0.05,1,0
4.57,10,77.13,1.75,0.37,1,1
0.37,8,72.09,3.75,0.21,1,1
4.93,24,22.86,1.86,0.15,1,0
1.09,0,2.88,0.99,0.92,0,0
2.88,24,65.98,3.59,0.71,1,0
3.17,10,23.24,0.12,0.74,1,0
1.78,20,68.67,3.72,0.47,0,0
2.34,12,4.94,3.77,0.46,0,0
4.09,8,9.72,2.82,0.16,1,0
1.52,11,75.29,2.97,0.3,0,0
0.57,22,55.37,1.08,0.39,1,1
2.62,23,37.4,2.48,0.24,0,0
4.66,8,64.43,0.8,0.9,1,1
3.0,20,12.25,0.13,0.58,0,0
2.99,14,85.37,2.73,0.17,0,0
4.5,14,79.29,1.46,0.06,0,1
0.39,6,35.71,2.37,0.58,1,1
2.45,20,23.63,1.7,0.29,0,0
1.67,5,45.03,0.12,0.48,1,1
0.56,23,75.69,2.73,0.37,0,0
2.53,25,76.16,0.96,0.21,0,1
3.53,6,41.36,1.85,0.87,1,0
2.09,29,60.46,1.39,0.34,1,0
0.19,20,3.44,3.65,0.66,1,0
4.64,21,18.16,3.93,0.78,0,0
2.48,14,42.7,0.91,0.1,1,0
1.24,17,55.17,2.39,0.82,0,1
3.7,20,64.65,2.62,0.27,0,0
1.47,27,57.85,0.66,0.13,1,1
4.82,16,9.09,0.74,0.69,1,0
0.59,24,97.45,1.18,0.53,0,1
4.2,8,59.44,1.91,0.56,1,0
3.81,2,68.82,0.83,0.83,0,1
0.18,19,22.57,2.83,0.84,0,0
3.47,17,34.24,1.71,0.91,0,0
4.86,26,28.0,2.44,0.81,0,0
0.13,14,60.55,0.32,0.9,0,1
0.69,15,13.35,0.94,0.17,1,0
0.32,18,19.67,2.87,0.03,1,0
1.85,5,12.68,0.9,0.69,1,0
3.98,7,1.61,1.85,0.06,0,0
3.65,7,80.72,3.33,0.42,1,0
0.36,27,53.92,2.95,0.76,1,1
0.25,3,88.94,0.68,0.31,1,1
1.95,2,74.92,2.32,0.44,0,1
3.99,0,24.18,1.0,0.47,1,0
4.97,6,2.28,0.22,0.81,1,0
0.32,15,10.6,2.4,0.35,1,0
2.97,0,18.05,3.09,0.99,0,0
1.54,16,50.88,2.05,0.94,1,0
3.26,8,70.55,1.98,0.99,1,1
1.19,22,44.25,1.84,0.19,1,0
1.0,11,41.04,1.48,0.18,1,0
3.04,18,50.75,3.07,0.46,0,0
3.98,8,28.69,3.52,0.07,1,0
1.53,21,58.29,1.42,0.51,1,0
1.18,24,2.66,3.25,0.05,1,0
0.19,22,52.63,3.43,0.13,0,0
3.34,17,45.88,1.16,0.06,1,0
0.29,19,65.25,3.04,0.72,0,1
0.37,14,82.37,3.7,0.87,1,1
4.47,21,7.38,3.71,0.04,0,0
0.65,22,68.52,2.47,0.71,1,1
0.84,2,4.66,3.98,0.69,0,0
0.39,1,53.77,2.11,0.15,0,1
2.72,1,60.35,3.04,0.52,0,0
1.94,4,47.33,2.54,0.46,0,0
4.39,6,24.02,0.87,0.49,0,0
4.8,13,65.66,2.66,0.66,1,0
3.28,17,81.03,0.6,0.46,1,1
4.56,18,48.1,2.22,0.51,0,0
2.95,23,20.07,2.63,0.49,0,0
1.49,28,14.82,1.66,0.58,1,0
4.02,18,46.73,2.83,0.5,0,0
3.49,29,9.36,1.11,0.54,0,0
3.32,15,68.27,2.93,0.63,1,0
1.19,22,94.85,1.43,0.98,1,1
4.97,15,47.32,3.5,0.26,1,0
4.8,14,98.7,2.55,0.43,0,0
3.53,17,55.56,1.27,0.1,0,0
2.03,9,11.66,3.01,0.46,0,0
1.05,4,58.98,3.48,0.06,1,1
3.81,16,36.24,1.97,0.04,1,0
2.5,26,51.54,1.48,0.02,0,0
4.6,6,0.61,1.46,0.25,1,0
2.73,5,7.0,3.65,0.21,1,0
2.72,20,56.02,3.85,0.05,1,0
4.64,4,20.53,1.7,0.15,1,0
4.78,26,70.55,2.82,0.09,1,0
1.39,1,12.53,2.84,0.74,0,0
1.14,13,13.33,3.32,0.62,1,0
4.03,19,27.34,3.78,0.56,0,0
1.51,25,57.31,2.88,0.01,1,0
1.36,25,70.51,0.38,0.15,1,1
2.22,28,64.59,3.69,0.82,1,0
3.93,29,31.69,1.89,0.94,0,0
4.59,1,59.9,2.33,0.74,0,1
0.35,19,77.47,1.71,0.92,1,1
3.94,4,71.09,3.43,0.62,1,1
3.7,13,82.52,1.63,0.01,1,0
0.15,17,92.09,3.53,0.28,0,1
0.76,19,90.09,1.3,0.82,0,1
4.08,13,76.69,2.65,0.71,0,0
4.19,16,13.8,2.65,0.74,0,0
2.53,13,62.7,2.94,0.1,0,0
4.17,10,39.18,0.71,0.94,1,0
3.36,11,56.47,2.23,0.81,0,0
4.13,0,13.9,0.54,0.2,0,0
3.63,3,54.21,2.22,0.0,1,0
1.02,23,57.29,0.88,0.85,0,1
4.96,13,32.89,2.21,0.47,1,0
1.73,3,21.73,0.88,0.87,0,0
4.34,11,70.85,0.72,0.06,0,1
4.97,8,76.3,2.24,0.3,0,0
2.13,19,89.25,1.55,0.82,0,1
1.16,25,4.33,1.23,0.92,1,0
4.35,6,83.84,3.46,0.67,0,0
4.3,27,75.96,1.9,0.38,1,0
4.14,6,56.92,0.63,0.04,0,0
0.95,9,88.09,3.89,0.67,0,1
3.91,29,1.06,2.38,0.0,0,0
1.28,21,58.67,1.77,0.93,0,0
1.76,8,83.52,1.84,0.33,1,1
0.55,2,33.67,0.64,0.99,0,1
3.88,21,41.95,0.99,0.06,1,0
0.27,6,1.86,0.32,0.5,1,1
2.88,23,51.22,3.3,0.78,1,0
0.16,26,45.8,0.62,0.81,1,1
3.4,7,80.09,0.71,0.98,0,1
3.93,13,99.27,2.82,0.85,1,0
3.78,24,53.97,3.34,0.79,1,0
1.65,8,16.37,3.79,0.84,1,0
1.31,19,14.11,1.02,0.59,0,0
2.09,15,43.87,2.07,0.33,0,0
1.71,9,21.32,2.23,0.02,0,0
2.22,30,98.4,1.73,0.29,0,0
0.95,28,1.7,2.74,0.18,0,0
3.48,20,1.06,0.28,0.85,0,0
2.11,14,62.46,0.28,0.07,0,1
3.25,24,14.16,2.67,0.55,0,0
1.74,12,44.63,3.52,0.89,1,0
2.88,7,83.03,0.77,0.69,1,1
4.37,19,52.89,2.7,0.78,0,0
4.54,2,32.8,0.8,0.84,0,0
0.73,9,17.01,0.45,0.67,1,1
0.86,10,27.72,2.35,0.0,0,0
4.29,22,39.85,1.25,0.42,0,0
3.86,7,95.29,2.42,0.71,0,1
4.17,12,86.64,2.25,0.47,0,0
0.73,24,91.29,3.13,0.23,0,0
4.28,29,78.09,0.79,0.07,1,0
0.72,27,39.75,3.41,0.19,0,0
1.13,29,5.66,3.05,0.75,1,0
1.08,5,67.0,3.8,0.94,1,1
3.18,9,82.6,3.64,0.1,0,0
4.17,26,69.47,1.94,0.08,0,0
0.83,25,34.42,1.32,0.05,1,0
3.28,17,48.44,1.32,0.18,1,0
4.98,4,99.99,0.84,0.54,1,1
0.99,26,16.23,1.88,0.36,0,0
1.21,8,49.66,0.34,0.41,0,1
3.22,25,3.32,0.36,0.83,0,0
1.81,29,89.12,0.26,0.78,0,1
1.37,15,63.49,1.36,0.73,0,1
4.86,12,68.24,0.74,0.13,0,0
3.08,25,73.46,2.65,0.26,1,0
1.6,29,58.11,0.17,0.11,0,1
1.25,2,68.07,2.83,0.33,0,0
1.92,12,54.72,1.37,0.98,1,1
0.93,29,21.28,2.52,0.07,0,0
4.02,13,21.99,2.35,0.55,1,0
1.78,3,10.85,3.48,0.34,1,0
2.97,17,53.85,0.53,0.1,0,0
0.78,2,77.79,2.12,0.1,0,1
1.62,11,45.73,1.18,0.3,1,0
3.79,29,37.68,0.15,0.81,1,0
4.54,19,89.35,1.15,0.63,0,1
3.54,27,12.83,2.64,0.59,0,0
0.16,0,65.32,1.41,0.91,0,1
4.7,30,25.24,3.2,0.35,0,0
1.78,2,33.41,2.87,0.53,1,0
4.2,17,99.39,3.77,0.4,1,0
1.59,17,62.98,2.23,0.32,1,0
3.09,1,74.47,2.36,0.15,0,1
2.33,9,51.87,0.41,0.53,1,1
2.95,23,63.34,1.3,0.62,0,0
1.69,15,92.85,0.94,0.17,1,1
3.66,13,22.54,0.86,0.85,0,0
0.89,11,84.23,2.87,0.76,0,1
4.93,13,87.73,1.86,0.72,0,1
1.45,13,4.43,2.61,0.64,0,0
2.43,8,40.28,2.44,0.72,0,0
0.75,25,58.2,2.58,0.46,0,0
2.82,4,79.3,3.77,0.16,1,1
2.79,22,69.8,3.07,0.6,1,0
4.31,5,10.68,2.58,0.81,0,0
1.19,2,62.65,3.28,0.32,0,0
1.34,11,54.22,0.27,0.64,1,1
2.63,4,51.6,2.98,0.2,1,0
3.19,5,93.53,1.73,0.24,1,1
0.72,4,85.76,3.93,0.29,0,1
4.08,1,57.48,2.05,0.52,1,1
1.76,6,40.06,1.43,0.08,1,0
4.66,15,87.41,2.1,0.86,1,1
0.15,17,53.27,1.01,0.43,1,1
3.15,25,83.75,0.96,0.01,1,0
3.49,0,99.17,2.62,0.51,0,0
0.53,16,3.9,3.32,0.2,1,0
3.78,18,37.04,3.11,0.88,1,0
1.85,0,71.18,3.43,0.09,0,1
4.97,2,48.85,1.88,0.27,0,0
0.65,4,90.07,3.73,0.46,1,1
2.16,24,85.05,2.99,0.86,0,0
0.62,21,15.34,3.28,0.01,1,0
0.63,24,40.55,1.35,0.78,1,0
2.89,28,7.6,0.47,0.76,0,0
2.15,27,15.49,3.58,0.41,0,0
2.65,1,11.65,2.81,0.42,1,0
1.22,0,31.65,1.7,0.6,1,1
3.91,16,7.7,2.09,0.65,1,0
4.65,26,59.55,2.31,0.81,1,0
4.58,5,76.18,3.94,0.71,1,1
1.38,28,64.84,3.01,0.91,1,0
2.25,13,98.79,0.23,0.27,1,1
3.28,5,84.38,2.76,0.54,1,1
1.67,20,34.09,2.95,0.65,1,0
1.74,18,25.31,3.43,0.32,1,0
1.06,17,80.51,0.4,0.33,0,1
0.6,0,43.71,3.89,0.83,1,0
3.99,21,75.85,0.76,0.38,0,0
3.36,13,70.95,3.41,0.74,0,0
4.81,25,13.57,0.65,0.68,1,0
0.89,7,46.01,3.61,0.99,1,0
0.16,19,17.08,0.81,0.88,1,1
2.66,16,71.99,0.47,0.06,0,1
1.88,11,85.34,2.09,0.01,1,1
2.7,8,90.07,2.21,0.44,0,1
2.88,11,27.89,0.26,0.77,0,0
3.43,20,88.26,3.71,0.02,1,0
2.71,26,18.5,1.78,0.27,0,0
1.99,11,24.49,3.59,0.61,1,0
3.42,2,3.44,3.14,0.97,1,0
3.33,24,11.83,1.23,0.07,1,0
2.88,7,2.9,0.69,0.01,1,0
3.12,12,31.59,2.33,0.19,0,0
0.43,17,3.58,3.61,0.26,1,0
4.3,16,83.31,3.4,0.59,0,0
3.56,19,76.51,2.78,0.58,1,0
3.17,1,31.73,2.4,0.79,1,0
0.6,7,76.5,1.8,0.64,1,1
3.5,0,26.91,1.45,0.7,0,0
4.22,10,91.25,3.06,0.79,0,0
4.99,3,56.07,1.64,0.26,1,0
3.49,2,60.45,3.22,0.39,1,0
2.3,2,22.25,3.09,0.92,0,0
3.02,16,79.92,0.7,0.13,0,1
4.48,14,93.58,2.68,0.8,1,0
2.04,9,26.59,1.74,0.11,0,0
1.25,11,41.52,1.26,0.1,0,0
2.11,25,25.98,1.02,0.22,0,0
4.39,28,97.57,3.25,0.08,1,0
0.88,30,66.24,1.49,0.33,1,1
1.38,30,33.79,1.8,0.53,0,0
1.75,15,44.98,3.38,0.35,1,0
4.04,1,65.7,0.93,0.26,0,1
0.97,12,25.87,0.41,0.82,1,1
1.17,12,60.6,3.42,0.52,1,0
1.65,26,26.9,0.22,0.9,0,0
2.4,4,31.81,3.27,0.21,0,0
0.72,8,79.88,3.57,0.41,1,1
4.97,14,97.92,0.83,0.91,0,1
0.84,30,35.42,3.32,0.81,0,0
4.87,18,81.83,3.21,0.66,1,0
2.18,11,20.35,2.62,0.92,1,0
4.93,28,66.02,0.53,0.89,1,0
3.98,12,54.22,0.9,0.37,1,0
0.2,17,98.21,0.34,0.28,1,1
3.16,19,55.56,0.87,0.38,1,0
0.72,16,86.73,1.36,0.75,0,1
4.83,6,33.1,0.29,0.78,0,1
2.39,0,72.66,1.16,0.13,0,1
2.12,15,50.34,0.21,0.8,0,1
0.34,14,13.66,0.99,0.86,1,1
1.15,6,72.43,3.42,0.18,1,1
1.15,4,34.2,3.17,0.95,1,0
4.03,12,34.02,0.1,0.86,1,1
2.44,29,27.47,1.18,0.53,1,0
0.73,6,0.75,3.38,0.62,0,0
0.46,25,85.45,3.6,0.84,1,1
4.79,0,23.6,2.92,0.85,1,0
4.05,18,27.88,1.74,0.74,0,0
1.31,5,99.35,0.81,0.34,0,1
0.19,16,48.5,0.59,0.7,0,1
4.99,0,78.3,0.68,0.79,0,1
2.4,29,32.98,0.53,0.83,1,0
4.59,28,78.24,0.94,0.75,0,1
3.94,18,68.09,1.96,0.09,1,0
1.31,12,67.0,1.77,0.67,1,1
3.32,3,69.02,1.89,0.28,0,0
0.95,25,78.77,1.53,0.09,0,1
4.97,20,57.36,2.53,0.89,1,0
2.96,21,80.01,1.63,0.23,1,0
1.27,3,21.47,3.58,0.98,0,0
4.91,29,12.06,0.12,0.54,1,0
4.64,28,33.72,1.56,0.21,1,0
1.92,6,91.31,3.07,0.9,1,1
3.89,7,27.0,0.82,0.96,0,0
2.65,7,84.34,0.18,0.09,0,1
3.11,24,2.63,0.85,0.74,0,0
4.15,14,54.42,0.93,0.81,0,0
2.96,13,0.48,1.41,0.61,1,0
1.39,0,31.8,2.56,0.06,0,0
1.58,27,58.15,0.38,0.15,1,1
2.63,1,59.6,2.73,0.83,1,1
1.31,21,14.08,1.76,0.52,0,0
3.12,10,75.53,1.67,0.24,0,0
4.62,7,35.24,2.26,0.84,0,0
4.53,23,63.04,1.72,0.94,0,0
2.94,26,90.44,1.47,0.76,0,1
0.85,1,94.07,2.08,0.93,0,1
1.78,10,64.11,2.12,0.38,1,0
0.25,7,23.7,0.84,0.39,0,0
4.62,8,55.9,2.84,0.11,1,0
0.41,8,24.57,2.14,0.14,0,0
0.88,12,81.42,3.2,0.43,0,0
2.84,20,31.11,0.7,0.17,0,0
3.96,14,7.12,3.62,0.74,1,0
1.15,24,38.08,3.57,0.09,1,0
2.47,8,15.34,2.18,0.47,1,0
3.36,21,50.01,1.83,0.78,1,0
0.2,5,71.85,2.73,0.95,1,1
0.36,30,50.18,3.96,0.28,0,0
4.12,11,51.02,1.39,0.41,0,0
0.43,15,74.05,2.8,0.15,1,1
3.75,3,53.16,1.04,0.2,1,1
4.11,27,64.31,0.82,0.8,0,0
2.59,25,51.97,2.27,0.24,0,0
0.37,28,94.83,1.98,0.39,0,1
4.13,8,15.02,1.14,0.9,0,0
0.17,23,37.95,2.01,0.52,0,0
3.73,23,16.61,3.41,0.19,1,0
0.19,27,30.47,3.14,0.23,0,0
1.73,4,97.7,2.41,0.81,0,1
3.25,6,2.83,1.6,0.93,1,0
0.95,28,67.6,1.83,0.38,1,0
1.65,14,34.02,1.99,0.4,0,0
3.3,0,52.89,2.56,0.42,1,0
0.22,10,27.72,0.57,0.54,0,0
1.33,30,0.72,2.91,0.04,1,0
2.09,16,54.78,0.33,0.15,0,1
0.44,15,44.79,1.74,0.52,0,0
2.89,7,83.08,1.7,0.13,1,1
3.69,17,85.37,1.35,0.38,1,1
1.39,15,61.77,2.54,0.43,0,0
1.27,3,16.78,2.64,0.44,0,0
2.58,29,28.71,1.97,0.09,1,0
0.93,22,96.14,0.77,0.24,1,1
3.36,27,14.71,2.04,0.26,1,0
1.66,20,45.22,1.33,0.04,1,0
2.01,26,31.24,0.46,0.22,1,0
3.32,19,16.64,2.36,0.97,1,0
0.6,22,30.79,1.35,0.63,1,0
2.22,21,58.21,2.23,0.84,1,0
3.86,6,26.91,2.22,0.54,0,0
0.14,10,87.89,1.76,0.05,1,1
0.92,11,64.7,3.34,0.81,0,0
1.49,2,19.75,2.79,0.9,0,0
4.81,14,70.22,3.61,0.94,1,0
2.84,5,62.28,0.33,0.5,1,1
3.31,23,18.23,1.01,0.33,0,0
0.83,29,52.7,2.42,0.47,0,0
4.84,22,61.4,3.35,0.46,1,0
0.4,13,80.52,3.31,0.14,1,1
1.49,6,63.83,3.5,0.81,0,0
0.55,8,50.69,0.88,0.13,1,1
3.29,24,3.24,2.73,0.68,0,0
3.65,16,55.74,1.39,0.8,1,1
0.91,9,69.26,0.75,0.87,0,1
4.58,20,97.21,2.36,0.92,1,1
3.89,6,9.53,2.19,0.15,0,0
1.7,13,99.89,3.64,0.06,0,0
2.18,20,7.67,2.01,0.82,1,0
4.95,30,59.62,0.51,0.88,0,0
2.69,2,50.55,0.95,0.81,1,1
4.3,10,65.6,3.23,0.37,1,0
4.84,16,92.5,2.92,0.72,1,0
1.28,0,40.21,2.7,0.29,1,0
3.33,20,17.14,1.47,0.63,0,0
0.75,27,82.88,1.34,0.7,0,1
3.64,7,96.36,1.0,0.74,1,1
0.49,23,38.58,3.33,0.27,0,0
3.27,28,23.08,0.4,1.0,1,0
0.86,21,58.31,3.24,0.79,1,0
3.91,4,66.0,1.6,0.14,1,0
2.11,6,22.78,1.13,0.39,1,0
1.76,7,74.9,2.33,0.87,1,1
2.47,11,38.89,1.45,0.84,0,0
2.79,20,52.44,1.78,0.79,0,0
1.79,7,62.5,0.99,0.43,0,1
0.48,15,83.79,1.9,0.9,0,1
3.79,29,60.24,2.27,0.98,1,0
1.16,27,25.11,2.98,0.92,0,0
0.77,11,97.44,3.48,0.38,0,0
2.45,23,3.71,4.0,0.7,1,0
4.93,26,5.62,2.05,0.89,1,0
3.15,11,78.75,1.19,0.61,0,1
3.22,10,36.11,0.65,0.81,1,0
3.52,12,19.87,0.19,0.81,0,0
0.5,13,17.39,0.59,0.8,0,0
1.26,27,65.54,2.4,0.25,0,0
4.71,6,6.83,2.66,0.83,1,0
4.0,10,99.93,1.61,0.18,0,0
2.4,25,21.41,1.12,0.87,1,0
0.52,30,21.61,2.59,0.65,0,0
1.46,21,69.5,0.31,0.46,0,1
2.5,0,10.58,2.24,0.27,0,0
3.21,23,52.38,3.26,0.95,1,0
4.8,14,2.35,3.09,0.09,1,0
0.96,15,47.66,0.34,0.31,0,1
1.01,9,77.58,2.35,0.41,1,1
4.71,1,7.44,2.64,0.66,0,0
1.07,30,46.12,0.51,0.8,1,0
2.29,7,95.06,1.07,0.94,1,1
3.58,9,54.64,3.93,0.76,0,0
4.3,17,98.49,3.83,0.99,0,0
2.39,12,98.15,2.7,0.36,1,0
0.86,17,31.58,0.86,0.57,0,0
1.31,9,31.75,1.7,0.64,1,0
4.97,12,56.31,2.35,0.64,0,0
4.12,2,41.73,2.14,0.01,1,0
2.84,2,37.65,3.56,0.01,0,0
4.83,30,18.2,1.09,0.54,1,0
0.23,18,61.71,1.12,0.08,1,1
4.47,11,2.96,1.12,0.92,0,0
1.73,7,35.65,1.96,0.27,0,0
4.88,4,3.69,2.81,0.66,0,0
1.19,2,56.76,1.07,0.49,0,1
2.74,0,99.41,2.68,0.96,1,1
2.61,23,34.35,0.95,0.03,0,0
1.0,28,3.02,3.68,0.7,1,0
0.98,17,95.38,1.23,0.7,1,1
3.67,3,70.81,3.83,0.09,1,0
1.57,23,21.11,3.13,0.65,0,0
1.57,17,79.68,0.41,0.35,1,1
1.41,16,60.73,2.48,0.44,0,0
1.96,6,94.66,1.95,0.13,1,1
1.78,21,38.28,3.13,0.16,0,0
2.38,16,32.77,2.77,0.85,0,0
4.86,10,50.95,1.57,0.25,1,0
3.53,0,39.17,3.79,0.49,1,0
2.61,15,56.56,0.67,0.43,0,0
3.84,10,31.62,3.15,0.02,1,0
1.02,15,63.68,0.25,0.99,0,1
1.7,29,53.15,0.4,0.16,1,1
4.46,3,79.45,3.91,0.46,0,0
4.69,25,27.41,2.58,0.53,0,0
2.33,23,19.61,3.67,0.35,1,0
2.88,9,89.71,0.14,0.18,1,1
4.73,29,18.63,3.59,0.72,0,0
3.17,28,56.36,3.96,0.97,0,0
3.99,26,93.53,3.3,0.22,0,0
1.44,20,90.08,0.72,0.44,0,1
2.14,8,24.05,1.31,0.94,0,0
0.54,3,76.87,3.49,0.6,0,1
1.16,2,27.04,3.11,0.2,0,0
0.92,28,12.38,0.87,0.01,1,0
0.47,10,44.66,3.59,0.28,0,0
0.62,21,13.0,2.8,0.77,1,0
4.51,14,87.4,1.31,0.94,1,1
1.48,2,2.41,1.59,0.13,1,0
4.35,3,38.37,2.47,0.99,1,0
4.06,5,57.08,3.59,0.79,1,0
1.62,25,88.23,0.42,0.94,1,1
1.02,13,1.24,2.26,0.05,1,0
1.88,29,21.22,2.86,0.44,0,0
3.95,16,83.11,1.34,0.3,0,1
3.03,30,0.29,1.16,0.54,0,0
3.33,27,48.78,3.28,0.61,1,0
2.35,11,5.86,1.42,0.96,1,0
0.54,2,78.3,0.49,0.58,1,1
1.83,6,0.75,1.44,0.66,0,0
2.98,4,13.34,3.79,0.75,1,0
1.98,23,13.85,1.24,0.19,1,0
1.43,20,77.67,1.24,0.78,1,1
2.57,17,37.44,0.27,0.4,0,0
0.24,27,4.99,1.19,0.31,0,0
0.22,1,86.57,1.4,0.28,1,1
2.81,22,13.92,0.51,0.18,1,0
1.65,14,77.94,1.64,0.64,0,1
